"CATEGORY_NAME","CONTENT_ID","DEPTH","END_DATE","EVENT_NAME","EVENT_TYPE_NAME","EXPIRE_DATE","LAST_UPDATED_DATE","LENGTH","LOCATION","PUBLISH_DATE","START_DATE","STATUS","SUMMARY_TEXT","TEXT","URL",
"Calendar",795904,1,"2021-09-08 02:30:00 UTC","PCCEP Behavioral Health Subcommittee September Public Meeting","Community Events","","2021-09-03 20:50:14 UTC","","Zoom ","2021-09-02 15:20:00 UTC","2021-09-08 01:00:00 UTC","A","PCCEP Behavioral Health Subcommittee September Public Meeting","<p>In accordance with City and State guidelines regarding the COVID-19 coronavirus&nbsp;and to do our part in our community health and wellness,&nbsp;<a class=""css-4rbku5 css-18t94o4 css-901oao css-16my406 r-1n1174f r-1loqt21 r-1qd0xha r-ad9z0x r-bcqeeo r-qvutc0"" dir=""ltr"" href=""https://twitter.com/hashtag/PCCEP?src=hashtag_click"" data-focusable=""true"">PCCEP</a>&nbsp;is canceling all in-person meetings&nbsp;and meetings will be held via Zoom. Questions?&nbsp;<a href=""mailto:PCCEPinfo@portlandoregon.gov"">PCCEPinfo@portlandoregon.gov</a>.</p>
<p>&nbsp;</p>
<p><a href=""/pccep/article/795915"">View Agenda</a></p>
<p>&nbsp;</p>
<p><strong>Zoom info:</strong></p>
<p><strong>Join Zoom Meeting</strong><br /><strong><a href=""https://us02web.zoom.us/j/84227731182"">https://us02web.zoom.us/j/84227731182</a></strong></p>
<p><strong>Meeting ID: 842 2773 1182</strong></p>
<p><br /><strong>One tap mobile</strong><br /><strong>+12532158782,,84227731182# US&nbsp;</strong></p>
<p><strong>Dial by your location</strong><br /><strong> +1 253 215 8782 US</strong></p>
<p>&nbsp;</p>
<p>To help ensure equal access to our programs, services, and activities, the City of Portland will reasonably modify policies/procedures and provide auxiliary aids/services to persons with disabilities. If there are ways we can help you more fully participate in this process, please contact Claudia Claudio at claudia.claudio@portlandoregon.gov.&nbsp;Use City TTY 503-823-6868, or use Oregon Relay Service: 711</p>","https://www.portlandoregon.gov/pccep/article/795904",
"Calendar",795911,1,"2021-09-14 01:15:00 UTC","PCCEP Youth Subcommittee September Public Meeting","Community Events","","2021-09-02 19:06:51 UTC","","Zoom ","2021-09-02 19:04:00 UTC","2021-09-14 00:00:00 UTC","A","PCCEP Youth Subcommittee September Public Meeting","<p>In accordance with City and State guidelines regarding the COVID-19 coronavirus&nbsp;and to do our part in our community health and wellness,&nbsp;<a class=""css-4rbku5 css-18t94o4 css-901oao css-16my406 r-1n1174f r-1loqt21 r-1qd0xha r-ad9z0x r-bcqeeo r-qvutc0"" dir=""ltr"" href=""https://twitter.com/hashtag/PCCEP?src=hashtag_click"" data-focusable=""true"">PCCEP</a>&nbsp;is canceling all in-person meetings&nbsp;and meetings will be held via Zoom. Questions?&nbsp;<a href=""mailto:PCCEPinfo@portlandoregon.gov"">PCCEPinfo@portlandoregon.gov</a>.</p>
<p>&nbsp;</p>
<p>Agenda TBA</p>
<p>&nbsp;</p>
<p><strong>Zoom info:</strong></p>
<p><strong>Join Zoom Meeting</strong><br /><strong><a href=""https://us02web.zoom.us/j/87471274735"">https://us02web.zoom.us/j/87471274735</a></strong></p>
<p><strong>Meeting ID: 874 7127 4735</strong></p>
<p><br /><strong>One tap mobile</strong><br /><strong>+12532158782,,87471274735# US&nbsp;</strong></p>
<p><strong>Dial by your location</strong><br /><strong> +1 253 215 8782 US&nbsp;</strong></p>
<p><br /><br /></p>
<p>&nbsp;</p>
<p>To help ensure equal access to our programs, services, and activities, the City of Portland will reasonably modify policies/procedures and provide auxiliary aids/services to persons with disabilities. If there are ways we can help you more fully participate in this process, please contact Claudia Claudio at claudia.claudio@portlandoregon.gov.&nbsp;Use City TTY 503-823-6868, or use Oregon Relay Service: 711</p>","https://www.portlandoregon.gov/pccep/article/795911",
"Calendar",795905,1,"2021-09-15 02:00:00 UTC","PCCEP Steering Committee September Public Meeting ","Community Events","","2021-09-02 19:01:36 UTC","","Zoom ","2021-09-02 15:24:00 UTC","2021-09-15 00:30:00 UTC","A","PCCEP Steering Committee September Public Meeting","<p>&nbsp;<span style=""; font-style: normal; font-weight: 400; font-size: 13.2px;"">In accordance with City and State guidelines regarding the COVID-19 coronavirus&nbsp;and to do our part in our community health and wellness,&nbsp;</span><a class=""css-4rbku5 css-18t94o4 css-901oao css-16my406 r-1n1174f r-1loqt21 r-1qd0xha r-ad9z0x r-bcqeeo r-qvutc0"" style=""; font-style: normal; font-weight: 400; font-size: 13.2px;"" dir=""ltr"" href=""https://twitter.com/hashtag/PCCEP?src=hashtag_click"" data-focusable=""true"">PCCEP</a><span style=""; font-style: normal; font-weight: 400; font-size: 13.2px;"">&nbsp;is canceling all in-person meetings&nbsp;and meetings will be held via Zoom. Questions?&nbsp;</span><a style=""; font-style: normal; font-weight: 400; font-size: 13.2px;"" href=""mailto:PCCEPinfo@portlandoregon.gov"">PCCEPinfo@portlandoregon.gov</a><span style=""; font-style: normal; font-weight: 400; font-size: 13.2px;"">.</span></p>
<p>&nbsp;</p>
<p>&nbsp;</p>
<p>AGENDA TBA</p>
<p>&nbsp;</p>
<p>&nbsp;</p>
<p><strong>Zoom info:</strong></p>
<p><strong>Join Zoom Meeting</strong><br /><strong><a href=""https://us02web.zoom.us/j/87103954026"">https://us02web.zoom.us/j/87103954026</a></strong></p>
<p><strong>Meeting ID: 871 0395 4026</strong></p>
<p><br /><strong>One tap mobile</strong><br /><strong>+12532158782,,87103954026# US</strong></p>
<p><strong>Dial by your location</strong><br /><strong> +1 253 215 8782 US</strong></p>
<p>&nbsp;</p>
<p>&nbsp;</p>
<p>&nbsp;</p>
<p>&nbsp;</p>
<p><br /><br /></p>
<p>&nbsp;</p>
<p>To help ensure equal access to our programs, services, and activities, the City of Portland will reasonably modify policies/procedures and provide auxiliary aids/services to persons with disabilities. If there are ways we can help you more fully participate in this process, please contact Claudia Claudio at claudia.claudio@portlandoregon.gov.&nbsp;Use City TTY 503-823-6868, or use Oregon Relay Service: 711</p>","https://www.portlandoregon.gov/pccep/article/795905",
"Calendar",795906,1,"2021-09-23 01:30:00 UTC","PCCEP Settlement Agreement and Policy Subcommittee September Public Meeting","Community Events","","2021-09-17 17:36:42 UTC","","Zoom ","2021-09-02 15:39:00 UTC","2021-09-23 00:00:00 UTC","A","PCCEP Settlement Agreement and Policy Subcommittee September Public Meeting","<p>In accordance with City and State guidelines regarding the COVID-19 coronavirus&nbsp;and to do our part in our community health and wellness,&nbsp;<a class=""css-4rbku5 css-18t94o4 css-901oao css-16my406 r-1n1174f r-1loqt21 r-1qd0xha r-ad9z0x r-bcqeeo r-qvutc0"" dir=""ltr"" href=""https://twitter.com/hashtag/PCCEP?src=hashtag_click"" data-focusable=""true"">PCCEP</a>&nbsp;is canceling all in-person meetings&nbsp;and meetings will be held via Zoom. Questions?&nbsp;<a href=""mailto:PCCEPinfo@portlandoregon.gov"">PCCEPinfo@portlandoregon.gov</a>.</p>
<p>&nbsp;</p>
<p><strong><a href=""/pccep/article/796014"">View Agenda&nbsp;</a></strong></p>
<p>&nbsp;</p>
<p><strong><span style=""font-size: 1.1em;"">Zoom info:</span></strong></p>
<p><strong>Join Zoom Meeting</strong><br /><strong><a href=""https://us02web.zoom.us/j/83244828280"">https://us02web.zoom.us/j/83244828280</a></strong></p>
<p><strong>Meeting ID: 832 4482 8280</strong></p>
<p><br /><strong>One tap mobile</strong><br /><strong>+12532158782,,83244828280# US&nbsp;</strong></p>
<p><strong>Dial by your location</strong><br /><strong> +1 253 215 8782 US</strong></p>
<p><br /><br /></p>
<p>&nbsp;</p>
<p>To help ensure equal access to our programs, services, and activities, the City of Portland will reasonably modify policies/procedures and provide auxiliary aids/services to persons with disabilities. If there are ways we can help you more fully participate in this process, please contact Claudia Claudio at claudia.claudio@portlandoregon.gov.&nbsp;Use City TTY 503-823-6868, or use Oregon Relay Service: 711</p>","https://www.portlandoregon.gov/pccep/article/795906",
"Calendar",795909,1,"2021-09-24 02:00:00 UTC","PCCEP Racial Equity Subcommittee September Public Meeting","Community Events","","2021-09-02 18:58:52 UTC","","Zoom ","2021-09-02 18:45:00 UTC","2021-09-24 00:30:00 UTC","A","PCCEP Racial Equity Subcommittee September Public Meeting","<p>In accordance with City and State guidelines regarding the COVID-19 coronavirus&nbsp;and to do our part in our community health and wellness,&nbsp;<a class=""css-4rbku5 css-18t94o4 css-901oao css-16my406 r-1n1174f r-1loqt21 r-1qd0xha r-ad9z0x r-bcqeeo r-qvutc0"" dir=""ltr"" href=""https://twitter.com/hashtag/PCCEP?src=hashtag_click"" data-focusable=""true"">PCCEP</a>&nbsp;is canceling all in-person meetings&nbsp;and meetings will be held via Zoom. Questions?&nbsp;<a href=""mailto:PCCEPinfo@portlandoregon.gov"">PCCEPinfo@portlandoregon.gov</a>.</p>
<p>&nbsp;</p>
<p>Agenda TBA</p>
<p>&nbsp;</p>
<p>Zoom info:</p>
<p>Join Zoom Meeting<br /><a href=""https://us02web.zoom.us/j/89821721917"">https://us02web.zoom.us/j/89821721917</a></p>
<p>Meeting ID: 898 2172 1917</p>
<p><br />One tap mobile<br />+12532158782,,89821721917# US&nbsp;</p>
<p>Dial by your location<br /> +1 253 215 8782 US&nbsp;</p>
<p>&nbsp;</p>
<p>&nbsp;</p>
<p>To help ensure equal access to our programs, services, and activities, the City of Portland will reasonably modify policies/procedures and provide auxiliary aids/services to persons with disabilities. If there are ways we can help you more fully participate in this process, please contact Claudia Claudio at claudia.claudio@portlandoregon.gov.&nbsp;Use City TTY 503-823-6868, or use Oregon Relay Service: 711</p>","https://www.portlandoregon.gov/pccep/article/795909",
"Calendar",795910,1,"2021-09-29 03:00:00 UTC","PCCEP Full Board September Public Meeting ","Community Events","","2021-09-28 19:25:05 UTC","","Zoom ","2021-09-02 18:47:00 UTC","2021-09-29 00:00:00 UTC","A","PCCEP Full Board September Public Meeting","<p>In accordance with City and State guidelines regarding the COVID-19 coronavirus&nbsp;and to do our part in our community health and wellness,&nbsp;<a class=""css-4rbku5 css-18t94o4 css-901oao css-16my406 r-1n1174f r-1loqt21 r-1qd0xha r-ad9z0x r-bcqeeo r-qvutc0"" dir=""ltr"" href=""https://twitter.com/hashtag/PCCEP?src=hashtag_click"" data-focusable=""true"">PCCEP</a>&nbsp;is canceling all in-person meetings&nbsp;and meetings will be held via Zoom. Questions?&nbsp;<a href=""mailto:PCCEPinfo@portlandoregon.gov"">PCCEPinfo@portlandoregon.gov</a>.</p>
<p>&nbsp;</p>
<p><strong><a href=""/pccep/article/796162"">View Agenda&nbsp;</a></strong></p>
<p>&nbsp;</p>
<p>Zoom info:</p>
<p>&nbsp;</p>
<p><br /><strong>Join Zoom Meeting</strong><br /><strong><a href=""https://us02web.zoom.us/j/89540065223"">https://us02web.zoom.us/j/89540065223</a></strong></p>
<p><strong>Meeting ID: 895 4006 5223</strong></p>
<p><br /><strong>One tap mobile</strong><br /><strong>+13462487799,,89540065223# US&nbsp;</strong><br /><br /></p>
<p><strong>Dial by your location</strong><br /><strong> +1 346 248 7799 US&nbsp;</strong><br /><br /></p>
<p><br /><br /></p>
<p>&nbsp;</p>
<p>To help ensure equal access to our programs, services, and activities, the City of Portland will reasonably modify policies/procedures and provide auxiliary aids/services to persons with disabilities. If there are ways we can help you more fully participate in this process, please contact Claudia Claudio at claudia.claudio@portlandoregon.gov.&nbsp;Use City TTY 503-823-6868, or use Oregon Relay Service: 711</p>","https://www.portlandoregon.gov/pccep/article/795910",
"Calendar",796430,1,"2021-10-06 02:30:00 UTC","PCCEP Behavioral Health Subcommittee October Meeting","Community Events","","2021-09-29 21:00:05 UTC","","Zoom ","2021-09-29 20:56:00 UTC","2021-10-06 01:00:00 UTC","A","PCCEP Behavioral Health Subcommittee October Meeting","<p>In accordance with City and State guidelines regarding the COVID-19 coronavirus&nbsp;and to do our part in our community health and wellness,&nbsp;<a class=""css-4rbku5 css-18t94o4 css-901oao css-16my406 r-1n1174f r-1loqt21 r-1qd0xha r-ad9z0x r-bcqeeo r-qvutc0"" dir=""ltr"" href=""https://twitter.com/hashtag/PCCEP?src=hashtag_click"" data-focusable=""true"">PCCEP</a>&nbsp;is canceling all in-person meetings&nbsp;and meetings will be held via Zoom. Questions?&nbsp;<a href=""mailto:PCCEPinfo@portlandoregon.gov"">PCCEPinfo@portlandoregon.gov</a>.</p>
<p>&nbsp;</p>
<p><strong>Agenda TBA</strong></p>
<p>&nbsp;</p>
<p><strong>Zoom info:</strong></p>
<p><strong><a href=""https://us02web.zoom.us/j/84787515550"">https://us02web.zoom.us/j/84787515550</a></strong></p>
<p><strong>Meeting ID: 847 8751 5550</strong><br /><strong>One tap mobile</strong><br /><strong>+12532158782,,84787515550# US&nbsp;</strong></p>
<p><strong>Dial by your location</strong><br /><strong> +1 253 215 8782 US&nbsp;</strong></p>
<p>&nbsp;</p>
<p>&nbsp;</p>
<p>&nbsp;</p>
<p>To help ensure equal access to our programs, services, and activities, the City of Portland will reasonably modify policies/procedures and provide auxiliary aids/services to persons with disabilities. If there are ways we can help you more fully participate in this process, please contact Claudia Claudio at claudia.claudio@portlandoregon.gov.&nbsp;Use City TTY 503-823-6868, or use Oregon Relay Service: 711</p>","https://www.portlandoregon.gov/pccep/article/796430",
"Calendar",796468,1,"2021-10-12 01:15:00 UTC","PCCEP Youth Subcommittee October Meeting ","Community Events","","2021-10-07 20:07:48 UTC","","Zoom ","2021-10-01 22:02:00 UTC","2021-10-12 00:00:00 UTC","A","PCCEP Youth Subcommittee October Meeting Youth Outreach","<p>In accordance with City and State guidelines regarding the COVID-19 coronavirus&nbsp;and to do our part in our community health and wellness,&nbsp;<a class=""css-4rbku5 css-18t94o4 css-901oao css-16my406 r-1n1174f r-1loqt21 r-1qd0xha r-ad9z0x r-bcqeeo r-qvutc0"" dir=""ltr"" href=""https://twitter.com/hashtag/PCCEP?src=hashtag_click"" data-focusable=""true"">PCCEP</a>&nbsp;is canceling all in-person meetings&nbsp;and meetings will be held via Zoom. Questions?&nbsp;<a href=""mailto:PCCEPinfo@portlandoregon.gov"">PCCEPinfo@portlandoregon.gov</a>.</p>
<p>&nbsp;</p>
<p><strong><a href=""/pccep/article/796506"">View Agenda&nbsp;</a></strong></p>
<p>&nbsp;</p>
<p><strong>Zoom info:</strong></p>
<p><strong>Zoom Meeting Link: <a href=""https://us02web.zoom.us/j/81506757729"">https://us02web.zoom.us/j/81506757729</a></strong></p>
<p><strong> Meeting ID: 815 0675 7729 </strong></p>
<p><strong>One tap mobile: +12532158782,,81506757729# US </strong></p>
<p><strong>Dial by your location: +1 253 215 8782 US</strong></p>
<p>&nbsp;</p>
<p>&nbsp;</p>
<p>&nbsp;</p>
<p>&nbsp;</p>
<p>To help ensure equal access to our programs, services, and activities, the City of Portland will reasonably modify policies/procedures and provide auxiliary aids/services to persons with disabilities. If there are ways we can help you more fully participate in this process, please contact Claudia Claudio at claudia.claudio@portlandoregon.gov.&nbsp;Use City TTY 503-823-6868, or use Oregon Relay Service: 711</p>","https://www.portlandoregon.gov/pccep/article/796468",
"Calendar",796469,1,"2021-10-13 02:00:00 UTC","PCCEP Steering Committee October Meeting ","Community Events","","2021-10-07 20:20:14 UTC","","Zoom ","2021-10-01 22:09:00 UTC","2021-10-13 00:30:00 UTC","A","PCCEP Steering Committee October Public Meeting","<p><a href=""/pccep/article/796468"">&nbsp;</a></p>
<p>In accordance with City and State guidelines regarding the COVID-19 coronavirus&nbsp;and to do our part in our community health and wellness,&nbsp;<a class=""css-4rbku5 css-18t94o4 css-901oao css-16my406 r-1n1174f r-1loqt21 r-1qd0xha r-ad9z0x r-bcqeeo r-qvutc0"" dir=""ltr"" href=""https://twitter.com/hashtag/PCCEP?src=hashtag_click"" data-focusable=""true"">PCCEP</a>&nbsp;is canceling all in-person meetings&nbsp;and meetings will be held via Zoom. Questions?&nbsp;<a href=""mailto:PCCEPinfo@portlandoregon.gov"">PCCEPinfo@portlandoregon.gov</a>.</p>
<p>&nbsp;</p>
<p>&nbsp;</p>
<p>&nbsp;</p>
<p><strong><a href=""/pccep/article/796588"">View Agenda&nbsp;</a></strong></p>
<p>&nbsp;</p>
<p>&nbsp;</p>
<p><strong>Zoom info:</strong></p>
<p><strong>Zoom Meeting Link<a href=""https://portlandoregongov-my.sharepoint.com/personal/claudia_claudio_portlandoregon_gov/Documents/:%20https:/us02web.zoom.us/j/85893513853"">:</a> <a href=""https://us02web.zoom.us/j/87113969248"">https://us02web.zoom.us/j/87113969248</a></strong></p>
<p><strong>One tap mobile: +12532158782,,87113969248# US</strong></p>
<p><strong>Dial by your location: +1 253 215 8782 US</strong></p>
<p><strong>Meeting ID: 871 1396 9248</strong></p>
<p>&nbsp;</p>
<p>&nbsp;</p>
<p>&nbsp;</p>
<p>&nbsp;</p>
<p>&nbsp;</p>
<p>&nbsp;</p>
<p>To help ensure equal access to our programs, services, and activities, the City of Portland will reasonably modify policies/procedures and provide auxiliary aids/services to persons with disabilities. If there are ways we can help you more fully participate in this process, please contact Claudia Claudio at claudia.claudio@portlandoregon.gov.&nbsp;Use City TTY 503-823-6868, or use Oregon Relay Service: 711</p>","https://www.portlandoregon.gov/pccep/article/796469",
"Calendar",796470,1,"2021-10-15 01:30:00 UTC","PCCEP Settlement Agreement and Policy Subcommittee October Public Meeting/ COCL Townhall","Community Events","","2021-10-15 00:05:05 UTC","","Zoom ","2021-10-01 22:12:00 UTC","2021-10-15 00:00:00 UTC","A","PCCEP Settlement Agreement and Policy Subcommittee October Public Meeting. COCL Townhall","<p>In accordance with City and State guidelines regarding the COVID-19 coronavirus&nbsp;and to do our part in our community health and wellness,&nbsp;<a class=""css-4rbku5 css-18t94o4 css-901oao css-16my406 r-1n1174f r-1loqt21 r-1qd0xha r-ad9z0x r-bcqeeo r-qvutc0"" dir=""ltr"" href=""https://twitter.com/hashtag/PCCEP?src=hashtag_click"" data-focusable=""true"">PCCEP</a>&nbsp;is canceling all in-person meetings&nbsp;and meetings will be held via Zoom. Questions?&nbsp;<a href=""mailto:PCCEPinfo@portlandoregon.gov"">PCCEPinfo@portlandoregon.gov</a>.</p>
<p>&nbsp;</p>
<p><strong>&nbsp;Compliance Officer and Community Liaison (COCL) Townhall&nbsp;</strong></p>
<p>&nbsp;</p>
<p>&nbsp;</p>
<p><strong><a href=""/pccep/article/796587"">View Agenda</a></strong></p>
<p>&nbsp;</p>
<p>Join Zoom Meeting<br /><a href=""https://us02web.zoom.us/j/87389350125"">https://us02web.zoom.us/j/87389350125</a></p>
<p>Meeting ID: 873 8935 0125<br />One tap mobile<br />+12532158782,,87389350125# US (Tacoma)<br />+13462487799,,87389350125# US (Houston)</p>
<p>Dial by your location<br /> +1 253 215 8782 US (Tacoma)<br /> +1 346 248 7799 US (Houston)<br /> +1 669 900 6833 US (San Jose)<br /> +1 301 715 8592 US (Washington DC)<br /> +1 312 626 6799 US (Chicago)</p>
<p><strong>&nbsp;</strong></p>
<p>&nbsp;</p>
<p>&nbsp;</p>
<p>&nbsp;</p>
<p>&nbsp;</p>
<p>To help ensure equal access to our programs, services, and activities, the City of Portland will reasonably modify policies/procedures and provide auxiliary aids/services to persons with disabilities. If there are ways we can help you more fully participate in this process, please contact Claudia Claudio at claudia.claudio@portlandoregon.gov.&nbsp;Use City TTY 503-823-6868, or use Oregon Relay Service: 711</p>","https://www.portlandoregon.gov/pccep/article/796470",
"Calendar",796471,1,"2021-10-22 02:00:00 UTC","PCCEP Racial Equity Subcommittee October Public Meeting","Community Events","","2021-10-19 23:48:16 UTC","","Zoom ","2021-10-01 22:15:00 UTC","2021-10-22 00:30:00 UTC","A","PCCEP Racial Equity Subcommittee October Public Meeting","<p>In accordance with City and State guidelines regarding the COVID-19 coronavirus&nbsp;and to do our part in our community health and wellness,&nbsp;<a class=""css-4rbku5 css-18t94o4 css-901oao css-16my406 r-1n1174f r-1loqt21 r-1qd0xha r-ad9z0x r-bcqeeo r-qvutc0"" dir=""ltr"" href=""https://twitter.com/hashtag/PCCEP?src=hashtag_click"" data-focusable=""true"">PCCEP</a>&nbsp;is canceling all in-person meetings&nbsp;and meetings will be held via Zoom. Questions?&nbsp;<a href=""mailto:PCCEPinfo@portlandoregon.gov"">PCCEPinfo@portlandoregon.gov</a>.</p>
<p>&nbsp;</p>
<p><a href=""/pccep/article/796788"">View Agenda&nbsp;</a></p>
<p>&nbsp;</p>
<p><strong>Zoom info:</strong></p>
<p><strong>Zoom Meeting Link: <a href=""https://us02web.zoom.us/j/85292255447"">https://us02web.zoom.us/j/85292255447</a></strong></p>
<p><strong>One tap mobile: +13462487799,,85292255447# US</strong></p>
<p><strong>Dial by your location: &nbsp;+1 253 215 8782 US</strong></p>
<p><strong>&nbsp;Meeting ID: 852 9225 5447</strong></p>
<p>&nbsp;</p>
<p>&nbsp;</p>
<p>&nbsp;</p>
<p>&nbsp;</p>
<p>To help ensure equal access to our programs, services, and activities, the City of Portland will reasonably modify policies/procedures and provide auxiliary aids/services to persons with disabilities. If there are ways we can help you more fully participate in this process, please contact Claudia Claudio at claudia.claudio@portlandoregon.gov.&nbsp;Use City TTY 503-823-6868, or use Oregon Relay Service: 711</p>","https://www.portlandoregon.gov/pccep/article/796471",
"Calendar",796408,1,"2021-10-27 03:00:00 UTC","PCCEP October  Full Board Meeting ","Community Events","","2021-10-19 22:51:49 UTC","","Zoom ","2021-09-28 19:26:00 UTC","2021-10-27 00:00:00 UTC","A","PCCEP October Full Board Meeting/ COCL Townhall and Fall BMP presentation","<p>In accordance with City and State guidelines regarding the COVID-19 coronavirus&nbsp;and to do our part in our community health and wellness,&nbsp;<a class=""css-4rbku5 css-18t94o4 css-901oao css-16my406 r-1n1174f r-1loqt21 r-1qd0xha r-ad9z0x r-bcqeeo r-qvutc0"" dir=""ltr"" href=""https://twitter.com/hashtag/PCCEP?src=hashtag_click"" data-focusable=""true"">PCCEP</a>&nbsp;is canceling all in-person meetings&nbsp;and meetings will be held via Zoom. Questions?&nbsp;<a href=""mailto:PCCEPinfo@portlandoregon.gov"">PCCEPinfo@portlandoregon.gov</a>.</p>
<p>&nbsp;</p>
<p><strong><a href=""/pccep/article/796682"">VIEW AGENDA&nbsp;</a></strong></p>
<p>&nbsp;</p>
<p><strong>Zoom info:</strong></p>
<p><strong>Zoom Meeting Link: <a href=""https://us02web.zoom.us/j/83642362445"">https://us02web.zoom.us/j/83642362445</a></strong></p>
<p><strong>One tap mobile: +13462487799,,83642362445# US</strong></p>
<p><strong>Dial by your location:+1 253 215 8782 US</strong></p>
<p><strong>Meeting ID: 836 4236 2445</strong></p>
<p>&nbsp;</p>
<p>&nbsp;</p>
<p>&nbsp;</p>
<p>&nbsp;</p>
<p>To help ensure equal access to our programs, services, and activities, the City of Portland will reasonably modify policies/procedures and provide auxiliary aids/services to persons with disabilities. If there are ways we can help you more fully participate in this process, please contact Claudia Claudio at claudia.claudio@portlandoregon.gov.&nbsp;Use City TTY 503-823-6868, or use Oregon Relay Service: 711</p>","https://www.portlandoregon.gov/pccep/article/796408",
"Calendar",796900,1,"2021-11-03 02:30:00 UTC","PCCEP Behavioral Health Subcommittee November  Meeting","Community Events","","2021-10-28 17:30:16 UTC","","Zoom","2021-10-27 06:14:00 UTC","2021-11-03 01:00:00 UTC","A","PCCEP Behavioral Health Subcommittee November Meeting","<p>In accordance with City and State guidelines regarding the COVID-19 coronavirus&nbsp;and to do our part in our community health and wellness,&nbsp;<a class=""css-4rbku5 css-18t94o4 css-901oao css-16my406 r-1n1174f r-1loqt21 r-1qd0xha r-ad9z0x r-bcqeeo r-qvutc0"" dir=""ltr"" href=""https://twitter.com/hashtag/PCCEP?src=hashtag_click"" data-focusable=""true"">PCCEP</a>&nbsp;is canceling all in-person meetings&nbsp;and meetings will be held via Zoom. Questions?&nbsp;<a href=""mailto:PCCEPinfo@portlandoregon.gov"">PCCEPinfo@portlandoregon.gov</a>.</p>
<p>&nbsp;</p>
<p><strong><a href=""/pccep/article/796914"">View Agenda&nbsp;</a></strong></p>
<p><a href=""/pccep/article/796914"">&nbsp;</a></p>
<p>Zoom info:</p>
<p><strong>Zoom Link: <a href=""https://us02web.zoom.us/j/81004944221"">https://us02web.zoom.us/j/81004944221</a></strong></p>
<p>One tap mobile: +16699006833,,81004944221# US</p>
<p>Dial In: 1 253 215 8782 US</p>
<p>Meeting ID: 810 0494 4221</p>
<p>&nbsp;</p>
<p>&nbsp;</p>
<p>&nbsp;</p>
<p>&nbsp;</p>
<p>To help ensure equal access to our programs, services, and activities, the City of Portland will reasonably modify policies/procedures and provide auxiliary aids/services to persons with disabilities. If there are ways we can help you more fully participate in this process, please contact Claudia Claudio at claudia.claudio@portlandoregon.gov.&nbsp;Use City TTY 503-823-6868, or use Oregon Relay Service: 711</p>","https://www.portlandoregon.gov/pccep/article/796900",
"Calendar",796903,1,"2021-11-09 02:15:00 UTC","PCCEP Youth Subcommittee November Meeting","Community Events","","2021-11-02 21:05:26 UTC","","Zoom","2021-10-27 14:47:00 UTC","2021-11-09 01:00:00 UTC","A","PCCEP Youth Subcommittee November Meeting","<p>In accordance with City and State guidelines regarding the COVID-19 coronavirus&nbsp;and to do our part in our community health and wellness,&nbsp;<a class=""css-4rbku5 css-18t94o4 css-901oao css-16my406 r-1n1174f r-1loqt21 r-1qd0xha r-ad9z0x r-bcqeeo r-qvutc0"" dir=""ltr"" href=""https://twitter.com/hashtag/PCCEP?src=hashtag_click"" data-focusable=""true"">PCCEP</a>&nbsp;is canceling all in-person meetings&nbsp;and meetings will be held via Zoom. Questions?&nbsp;<a href=""mailto:PCCEPinfo@portlandoregon.gov"">PCCEPinfo@portlandoregon.gov</a>.</p>
<p>&nbsp;</p>
<p><strong><a href=""/pccep/article/796971"">View Agenda&nbsp;</a></strong></p>
<p>&nbsp;</p>
<p><strong>Zoom info:</strong></p>
<p class=""Style4""><strong>Zoom Meeting Link: <a href=""https://us02web.zoom.us/j/85177298157"">https://us02web.zoom.us/j/85177298157</a></strong></p>
<p class=""Style4""><strong>Meeting ID: 851 7729 8157</strong></p>
<p class=""Style4""><strong>One tap mobile: +12532158782,,85177298157# US</strong></p>
<p class=""Style4""><strong>Dial by your location: +1 253 215 8782 US</strong></p>
<p><strong>&nbsp;</strong></p>
<p>&nbsp;</p>
<p>&nbsp;</p>
<p>&nbsp;</p>
<p>To help ensure equal access to our programs, services, and activities, the City of Portland will reasonably modify policies/procedures and provide auxiliary aids/services to persons with disabilities. If there are ways we can help you more fully participate in this process, please contact Claudia Claudio at claudia.claudio@portlandoregon.gov.&nbsp;Use City TTY 503-823-6868, or use Oregon Relay Service: 711</p>","https://www.portlandoregon.gov/pccep/article/796903",
"Calendar",796962,1,"2021-11-10 01:00:00 UTC","Status Conference - United States of America v. City of Portland","Community Events","","2021-11-02 19:52:34 UTC","","In-call ","2021-11-02 19:49:00 UTC","2021-11-09 16:00:00 UTC","A","Status Conference - United States of America v. City of Portland","<p>Members of the public may listen to the hearing remotely by calling the Court&rsquo;s &ldquo;listen only&rdquo; number 1-888-684-8852 Access code 8190761.&nbsp;</p>","https://www.portlandoregon.gov/pccep/article/796962",
"Calendar",796901,1,"2021-11-10 03:00:00 UTC","PCCEP Steering Committee November Meeting","Community Events","","2021-11-02 21:45:52 UTC","","Zoom","2021-10-27 14:43:00 UTC","2021-11-10 01:30:00 UTC","A","PCCEP Steering Committee November Meeting","<p>n accordance with City and State guidelines regarding the COVID-19 coronavirus&nbsp;and to do our part in our community health and wellness,&nbsp;<a class=""css-4rbku5 css-18t94o4 css-901oao css-16my406 r-1n1174f r-1loqt21 r-1qd0xha r-ad9z0x r-bcqeeo r-qvutc0"" dir=""ltr"" href=""https://twitter.com/hashtag/PCCEP?src=hashtag_click"" data-focusable=""true"">PCCEP</a>&nbsp;is canceling all in-person meetings&nbsp;and meetings will be held via Zoom. Questions?&nbsp;<a href=""mailto:PCCEPinfo@portlandoregon.gov"">PCCEPinfo@portlandoregon.gov</a>.</p>
<p>&nbsp;</p>
<p><strong><a href=""/pccep/article/796972"">View Agenda&nbsp;</a></strong></p>
<p>&nbsp;</p>
<p>Zoom info:</p>
<p><strong>Zoom Meeting Link<a href=""https://portlandoregongov-my.sharepoint.com/personal/claudia_claudio_portlandoregon_gov/Documents/:%20https:/us02web.zoom.us/j/85893513853"">:</a> <a href=""https://us02web.zoom.us/j/82006014637"">https://us02web.zoom.us/j/82006014637</a></strong></p>
<p><strong>One tap mobile: +12532158782,,82006014637# US</strong></p>
<p><strong>Dial by your location: +1 253 215 8782 US</strong></p>
<p><strong>Meeting ID: 820 0601 4637</strong></p>
<p>&nbsp;</p>
<p>&nbsp;</p>
<p>&nbsp;</p>
<p>&nbsp;</p>
<p>To help ensure equal access to our programs, services, and activities, the City of Portland will reasonably modify policies/procedures and provide auxiliary aids/services to persons with disabilities. If there are ways we can help you more fully participate in this process, please contact Claudia Claudio at claudia.claudio@portlandoregon.gov.&nbsp;Use City TTY 503-823-6868, or use Oregon Relay Service: 711</p>","https://www.portlandoregon.gov/pccep/article/796901",
"Calendar",796902,1,"2021-11-11 02:30:00 UTC","PCCEP Settlement Agreement and Policy Subcommittee November  Meeting","Community Events","","2021-11-02 23:49:58 UTC","","Zoom ","2021-10-27 14:45:00 UTC","2021-11-11 01:00:00 UTC","A","PCCEP Settlement Agreement and Policy Subcommittee Novemer Public Meeting","<p>n accordance with City and State guidelines regarding the COVID-19 coronavirus&nbsp;and to do our part in our community health and wellness,&nbsp;<a class=""css-4rbku5 css-18t94o4 css-901oao css-16my406 r-1n1174f r-1loqt21 r-1qd0xha r-ad9z0x r-bcqeeo r-qvutc0"" dir=""ltr"" href=""https://twitter.com/hashtag/PCCEP?src=hashtag_click"" data-focusable=""true"">PCCEP</a>&nbsp;is canceling all in-person meetings&nbsp;and meetings will be held via Zoom. Questions?&nbsp;<a href=""mailto:PCCEPinfo@portlandoregon.gov"">PCCEPinfo@portlandoregon.gov</a>.</p>
<p>&nbsp;</p>
<p><strong><a href=""/pccep/article/796984"">View Agenda&nbsp;</a></strong></p>
<p>&nbsp;</p>
<p>Zoom info:</p>
<p><strong>Zoom Meeting Link: <a href=""https://us02web.zoom.us/j/84417799188"">https://us02web.zoom.us/j/84417799188</a></strong></p>
<p><strong>Meeting ID: 844 1779 9188</strong></p>
<p><strong>One tap mobile: +12532158782,,84417799188# US </strong></p>
<p><strong>Dial by your location: +1 253 215 8782 US</strong></p>
<p>&nbsp;</p>
<p>&nbsp;</p>
<p>&nbsp;</p>
<p>&nbsp;</p>
<p>To help ensure equal access to our programs, services, and activities, the City of Portland will reasonably modify policies/procedures and provide auxiliary aids/services to persons with disabilities. If there are ways we can help you more fully participate in this process, please contact Claudia Claudio at claudia.claudio@portlandoregon.gov.&nbsp;Use City TTY 503-823-6868, or use Oregon Relay Service: 711</p>","https://www.portlandoregon.gov/pccep/article/796902",
"Calendar",796409,1,"2021-11-17 04:00:00 UTC","PCCEP November Full Board Meeting ","Community Events","","2021-11-15 22:06:38 UTC","","Zoom ","2021-09-28 19:30:00 UTC","2021-11-17 01:00:00 UTC","A","PCCEP November Full Board","<p>In accordance with City and State guidelines regarding the COVID-19 coronavirus&nbsp;and to do our part in our community health and wellness,&nbsp;<a class=""css-4rbku5 css-18t94o4 css-901oao css-16my406 r-1n1174f r-1loqt21 r-1qd0xha r-ad9z0x r-bcqeeo r-qvutc0"" dir=""ltr"" href=""https://twitter.com/hashtag/PCCEP?src=hashtag_click"" data-focusable=""true"">PCCEP</a>&nbsp;is canceling all in-person meetings&nbsp;and meetings will be held via Zoom. Questions?&nbsp;<a href=""mailto:PCCEPinfo@portlandoregon.gov"">PCCEPinfo@portlandoregon.gov</a>.</p>
<p>&nbsp;</p>
<p><strong><a href=""/pccep/article/797154"">View Agenda&nbsp;</a></strong></p>
<p>&nbsp;</p>
<p>Zoom info:</p>
<p><strong>Zoom Meeting Link: </strong><a href=""https://us02web.zoom.us/j/82571483247""><strong>https://us02web.zoom.us/j/82571483247</strong></a><strong></strong></p>
<p>One tap mobile: +12532158782,,82571483247# US</p>
<p>Dial by your location: +1 253 215 8782 US</p>
<p>Meeting ID: 825 7148 3247</p>
<p>&nbsp;</p>
<p>&nbsp;</p>
<p>&nbsp;</p>
<p>&nbsp;</p>
<p>To help ensure equal access to our programs, services, and activities, the City of Portland will reasonably modify policies/procedures and provide auxiliary aids/services to persons with disabilities. If there are ways we can help you more fully participate in this process, please contact Claudia Claudio at claudia.claudio@portlandoregon.gov.&nbsp;Use City TTY 503-823-6868, or use Oregon Relay Service: 711</p>","https://www.portlandoregon.gov/pccep/article/796409",
"Calendar",796985,1,"2021-11-19 03:00:00 UTC","PCCEP Racial Equity Subcommittee November Public Meeting","Community Events","","2021-11-18 16:31:41 UTC","","Zoom","2021-11-03 00:11:00 UTC","2021-11-19 01:30:00 UTC","A","PCCEP Racial Equity Subcommittee November Public Meeting","<p>In accordance with City and State guidelines regarding the COVID-19 coronavirus&nbsp;and to do our part in our community health and wellness,&nbsp;<a class=""css-4rbku5 css-18t94o4 css-901oao css-16my406 r-1n1174f r-1loqt21 r-1qd0xha r-ad9z0x r-bcqeeo r-qvutc0"" dir=""ltr"" href=""https://twitter.com/hashtag/PCCEP?src=hashtag_click"" data-focusable=""true"">PCCEP</a>&nbsp;is canceling all in-person meetings&nbsp;and meetings will be held via Zoom. Questions?&nbsp;<a href=""mailto:PCCEPinfo@portlandoregon.gov"">PCCEPinfo@portlandoregon.gov</a>.</p>
<p>&nbsp;</p>
<p><a href=""/pccep/article/797193"">View Agenda</a></p>
<p>&nbsp;</p>
<p>Zoom info:</p>
<p><strong>Zoom Meeting Link:</strong> <a href=""https://us02web.zoom.us/j/85622874397"">https://us02web.zoom.us/j/85622874397</a></p>
<p>Dial by your location: +1 253 215 8782 US</p>
<p>One tap mobile: +12532158782,,85622874397# US</p>
<p>&nbsp;Meeting ID: 856 2287 4397</p>
<p>&nbsp;</p>
<p>&nbsp;</p>
<p>&nbsp;</p>
<p>&nbsp;</p>
<p>To help ensure equal access to our programs, services, and activities, the City of Portland will reasonably modify policies/procedures and provide auxiliary aids/services to persons with disabilities. If there are ways we can help you more fully participate in this process, please contact Claudia Claudio at claudia.claudio@portlandoregon.gov.&nbsp;Use City TTY 503-823-6868, or use Oregon Relay Service: 711</p>","https://www.portlandoregon.gov/pccep/article/796985",
"Calendar",797272,1,"2021-12-07 03:30:00 UTC","PCCEP Youth Subcommittee December Public Meeting","Community Events","","2021-12-03 19:39:07 UTC","","Zoom ","2021-11-29 18:54:00 UTC","2021-12-07 02:00:00 UTC","A","PCCEP Youth Subcommittee December Public Meeting","<div id=""main-content"" class=""grid_12 calendarWrap eventDetail"">
<div class=""vevent"" data-swiftype-index=""true"">
<div class=""wysiwyg"">
<p>In accordance with City and State guidelines regarding the COVID-19 coronavirus&nbsp;and to do our part in our community health and wellness,&nbsp;<a class=""css-4rbku5 css-18t94o4 css-901oao css-16my406 r-1n1174f r-1loqt21 r-1qd0xha r-ad9z0x r-bcqeeo r-qvutc0"" dir=""ltr"" href=""https://twitter.com/hashtag/PCCEP?src=hashtag_click"" data-focusable=""true"">PCCEP</a>&nbsp;is canceling all in-person meetings&nbsp;and meetings will be held via Zoom. Questions?&nbsp;<a href=""mailto:PCCEPinfo@portlandoregon.gov"">PCCEPinfo@portlandoregon.gov</a>.</p>
<p>&nbsp;</p>
<p><strong><a href=""/pccep/article/797677"">View Agenda</a></strong></p>
<p>&nbsp;</p>
<p><strong>Zoom info:</strong></p>
<p><strong><a href=""https://us02web.zoom.us/j/87974444517"">https://us02web.zoom.us/j/87974444517</a></strong></p>
<p><strong>Meeting ID: 879 7444 4517</strong></p>
<p><strong>One tap mobile:&nbsp;+12532158782,,87974444517# US&nbsp;</strong></p>
<p><strong>Dial by your location:&nbsp;+1 253 215 8782 US (Tacoma)</strong></p>
<p><strong>&nbsp;</strong></p>
<p>&nbsp;</p>
<p>&nbsp;</p>
<p>&nbsp;</p>
<p>To help ensure equal access to our programs, services, and activities, the City of Portland will reasonably modify policies/procedures and provide auxiliary aids/services to persons with disabilities. If there are ways we can help you more fully participate in this process, please contact Claudia Claudio at claudia.claudio@portlandoregon.gov.&nbsp;Use City TTY 503-823-6868, or use Oregon Relay Service: 711</p>
</div>
</div>
</div>","https://www.portlandoregon.gov/pccep/article/797272",
"Calendar",797275,1,"2021-12-08 03:30:00 UTC","PCCEP Behavioral Health Subcommittee December Public Meeting","Community Events","","2021-12-01 21:35:21 UTC","","Zoom ","2021-11-29 19:03:00 UTC","2021-12-08 02:00:00 UTC","A","PCCEP Behavioral Health Subcommittee December Public Meeting","<div id=""main-content"" class=""grid_12 calendarWrap eventDetail"">
<div class=""vevent"" data-swiftype-index=""true"">
<div class=""wysiwyg"">
<p>In accordance with City and State guidelines regarding the COVID-19 coronavirus&nbsp;and to do our part in our community health and wellness,&nbsp;<a class=""css-4rbku5 css-18t94o4 css-901oao css-16my406 r-1n1174f r-1loqt21 r-1qd0xha r-ad9z0x r-bcqeeo r-qvutc0"" dir=""ltr"" href=""https://twitter.com/hashtag/PCCEP?src=hashtag_click"" data-focusable=""true"">PCCEP</a>&nbsp;is canceling all in-person meetings&nbsp;and meetings will be held via Zoom. Questions?&nbsp;<a href=""mailto:PCCEPinfo@portlandoregon.gov"">PCCEPinfo@portlandoregon.gov</a>.</p>
<p>&nbsp;</p>
<p><strong><a href=""/pccep/article/797680"">View Agenda&nbsp;</a></strong></p>
<p>&nbsp;</p>
<p><strong>Zoom info:</strong></p>
<p><strong><a href=""https://us02web.zoom.us/j/86016050744"">https://us02web.zoom.us/j/86016050744</a></strong></p>
<p><strong>Meeting ID: 860 1605 0744</strong></p>
<p><strong>One tap mobile:&nbsp;+16699006833,,86016050744# US&nbsp;</strong></p>
<p><strong>Dial by your location:&nbsp;+1 253 215 8782 US&nbsp;</strong></p>
<p>&nbsp;</p>
<p>&nbsp;</p>
<p>&nbsp;</p>
<p>&nbsp;</p>
<p>To help ensure equal access to our programs, services, and activities, the City of Portland will reasonably modify policies/procedures and provide auxiliary aids/services to persons with disabilities. If there are ways we can help you more fully participate in this process, please contact Claudia Claudio at claudia.claudio@portlandoregon.gov.&nbsp;Use City TTY 503-823-6868, or use Oregon Relay Service: 711</p>
</div>
</div>
</div>","https://www.portlandoregon.gov/pccep/article/797275",
"Calendar",797273,1,"2021-12-09 03:30:00 UTC","PCCEP Steering Committee December Public  Meeting","Community Events","","2021-12-03 22:17:19 UTC","","Zoom ","2021-11-29 18:55:00 UTC","2021-12-09 02:00:00 UTC","A","PCCEP Steering Committee December Public Meeting","<div id=""main-content"" class=""grid_12 calendarWrap eventDetail"">
<div class=""vevent"" data-swiftype-index=""true"">
<div class=""wysiwyg"">
<p>In accordance with City and State guidelines regarding the COVID-19 coronavirus&nbsp;and to do our part in our community health and wellness,&nbsp;<a class=""css-4rbku5 css-18t94o4 css-901oao css-16my406 r-1n1174f r-1loqt21 r-1qd0xha r-ad9z0x r-bcqeeo r-qvutc0"" dir=""ltr"" href=""https://twitter.com/hashtag/PCCEP?src=hashtag_click"" data-focusable=""true"">PCCEP</a>&nbsp;is canceling all in-person meetings&nbsp;and meetings will be held via Zoom. Questions?&nbsp;<a href=""mailto:PCCEPinfo@portlandoregon.gov"">PCCEPinfo@portlandoregon.gov</a>.</p>
<p>&nbsp;</p>
<p><strong><a href=""/pccep/article/797281"">View Agenda</a></strong></p>
<p><strong><a href=""/pccep/article/797281"">&nbsp;</a></strong></p>
<p><strong>Zoom info:</strong></p>
<p><strong><a href=""https://us02web.zoom.us/j/88545862458"">https://us02web.zoom.us/j/88545862458</a></strong></p>
<p><strong>Meeting ID: 885 4586 2458</strong></p>
<p><strong>One tap mobile:&nbsp;+12532158782,,88545862458# US&nbsp;</strong></p>
<p><strong>Dial by your location:&nbsp;+1 253 215 8782 US&nbsp;</strong></p>
<p>&nbsp;</p>
<p>&nbsp;</p>
<p>&nbsp;</p>
<p>&nbsp;</p>
<p>To help ensure equal access to our programs, services, and activities, the City of Portland will reasonably modify policies/procedures and provide auxiliary aids/services to persons with disabilities. If there are ways we can help you more fully participate in this process, please contact Claudia Claudio at claudia.claudio@portlandoregon.gov.&nbsp;Use City TTY 503-823-6868, or use Oregon Relay Service: 711</p>
</div>
</div>
</div>","https://www.portlandoregon.gov/pccep/article/797273",
"Calendar",797276,1,"2021-12-10 03:30:00 UTC","CANCELLED-PCCEP Settlement Agreement and Policy Subcommittee December Public Meeting","Community Events","","2021-12-01 20:07:58 UTC","","","2021-11-29 19:06:00 UTC","2021-12-10 02:00:00 UTC","A","Cancelled","<div id=""main-content"" class=""grid_12 calendarWrap eventDetail"">
<div class=""vevent"" data-swiftype-index=""true"">
<div class=""wysiwyg"">
<p>In accordance with City and State guidelines regarding the COVID-19 coronavirus&nbsp;and to do our part in our community health and wellness,&nbsp;<a class=""css-4rbku5 css-18t94o4 css-901oao css-16my406 r-1n1174f r-1loqt21 r-1qd0xha r-ad9z0x r-bcqeeo r-qvutc0"" dir=""ltr"" href=""https://twitter.com/hashtag/PCCEP?src=hashtag_click"" data-focusable=""true"">PCCEP</a>&nbsp;is canceling all in-person meetings&nbsp;and meetings will be held via Zoom. Questions?&nbsp;<a href=""mailto:PCCEPinfo@portlandoregon.gov"">PCCEPinfo@portlandoregon.gov</a>.</p>
<p>&nbsp;</p>
<p><strong>CANCELLED&nbsp;</strong></p>
<p>&nbsp;</p>
<p>&nbsp;</p>
<p>&nbsp;</p>
<p>&nbsp;</p>
<p>To help ensure equal access to our programs, services, and activities, the City of Portland will reasonably modify policies/procedures and provide auxiliary aids/services to persons with disabilities. If there are ways we can help you more fully participate in this process, please contact Claudia Claudio at claudia.claudio@portlandoregon.gov.&nbsp;Use City TTY 503-823-6868, or use Oregon Relay Service: 711</p>
</div>
</div>
</div>","https://www.portlandoregon.gov/pccep/article/797276",
"Calendar",796410,1,"2021-12-15 04:00:00 UTC","PCCEP December Full Board Meeting ","Community Events","","2021-11-29 19:42:26 UTC","","Zoom ","2021-09-28 19:32:00 UTC","2021-12-15 01:00:00 UTC","A","PCCEP December Full Board Meeting","<p>In accordance with City and State guidelines regarding the COVID-19 coronavirus&nbsp;and to do our part in our community health and wellness,&nbsp;<a class=""css-4rbku5 css-18t94o4 css-901oao css-16my406 r-1n1174f r-1loqt21 r-1qd0xha r-ad9z0x r-bcqeeo r-qvutc0"" dir=""ltr"" href=""https://twitter.com/hashtag/PCCEP?src=hashtag_click"" data-focusable=""true"">PCCEP</a>&nbsp;is canceling all in-person meetings&nbsp;and meetings will be held via Zoom. Questions?&nbsp;<a href=""mailto:PCCEPinfo@portlandoregon.gov"">PCCEPinfo@portlandoregon.gov</a>.</p>
<p>&nbsp;</p>
<p>Agenda TBA</p>
<p>&nbsp;</p>
<p><strong>Zoom info:</strong></p>
<p><strong><a href=""https://us02web.zoom.us/j/88134643939"">https://us02web.zoom.us/j/88134643939</a></strong></p>
<p><strong>Meeting ID: 881 3464 3939</strong></p>
<p><strong>One tap mobile:&nbsp;+12532158782,,88134643939# US</strong></p>
<p><strong>Dial by location:&nbsp;+1 253 215 8782 US&nbsp;</strong></p>
<p>&nbsp;</p>
<p>&nbsp;</p>
<p>&nbsp;</p>
<p>&nbsp;</p>
<p>To help ensure equal access to our programs, services, and activities, the City of Portland will reasonably modify policies/procedures and provide auxiliary aids/services to persons with disabilities. If there are ways we can help you more fully participate in this process, please contact Claudia Claudio at claudia.claudio@portlandoregon.gov.&nbsp;Use City TTY 503-823-6868, or use Oregon Relay Service: 711</p>","https://www.portlandoregon.gov/pccep/article/796410",
"Calendar",797271,1,"2021-12-17 03:00:00 UTC","PCCEP Racial Equity Subcommittee December Public Meeting","Community Events","","2021-12-16 22:07:39 UTC","","Zoom ","2021-11-29 18:51:00 UTC","2021-12-17 01:30:00 UTC","A","PCCEP Racial Equity Subcommittee December Public Meeting","<div id=""main-content"" class=""grid_12 calendarWrap eventDetail"">
<div class=""vevent"" data-swiftype-index=""true"">
<div class=""wysiwyg"">
<p>In accordance with City and State guidelines regarding the COVID-19 coronavirus&nbsp;and to do our part in our community health and wellness,&nbsp;<a class=""css-4rbku5 css-18t94o4 css-901oao css-16my406 r-1n1174f r-1loqt21 r-1qd0xha r-ad9z0x r-bcqeeo r-qvutc0"" dir=""ltr"" href=""https://twitter.com/hashtag/PCCEP?src=hashtag_click"" data-focusable=""true"">PCCEP</a>&nbsp;is canceling all in-person meetings&nbsp;and meetings will be held via Zoom. Questions?&nbsp;<a href=""mailto:PCCEPinfo@portlandoregon.gov"">PCCEPinfo@portlandoregon.gov</a>.</p>
<p>&nbsp;</p>
<p><a href=""/pccep/article/797847"">View Agenda&nbsp;</a></p>
<p>&nbsp;</p>
<p><strong>Zoom info:</strong></p>
<p><strong><a href=""https://us02web.zoom.us/j/89242227974"">https://us02web.zoom.us/j/89242227974</a></strong></p>
<p><strong>Meeting ID: 892 4222 7974</strong></p>
<p><strong>One tap mobile:&nbsp;+16699006833,,89242227974# US&nbsp;</strong></p>
<p><strong>Dial by location: +1 253 215 8782 US&nbsp;</strong></p>
<p>&nbsp;</p>
<p>&nbsp;</p>
<p>&nbsp;</p>
<p>&nbsp;To help ensure equal access to our programs, services, and activities, the City of Portland will reasonably modify policies/procedures and provide auxiliary aids/services to persons with disabilities. If there are ways we can help you more fully participate in this process, please contact Claudia Claudio at claudia.claudio@portlandoregon.gov.&nbsp;Use City TTY 503-823-6868, or use Oregon Relay Service: 711</p>
</div>
</div>
</div>","https://www.portlandoregon.gov/pccep/article/797271",
"Calendar",797981,1,"2022-01-05 03:30:00 UTC"," PCCEP  Behavioral Health Subcommittee January Public Meeting ","Community Events","","2022-01-04 21:53:21 UTC","","Zoom ","2021-12-16 19:28:00 UTC","2022-01-05 02:00:00 UTC","A","PCCEP  Behavioral Health Subcommittee January Public Meeting","<p>In accordance with City and State guidelines regarding the COVID-19 coronavirus&nbsp;and to do our part in our community health and wellness,&nbsp;<a class=""css-4rbku5 css-18t94o4 css-901oao css-16my406 r-1n1174f r-1loqt21 r-1qd0xha r-ad9z0x r-bcqeeo r-qvutc0"" dir=""ltr"" href=""https://twitter.com/hashtag/PCCEP?src=hashtag_click"" data-focusable=""true"">PCCEP</a>&nbsp;is canceling all in-person meetings&nbsp;and meetings will be held via Zoom. Questions?&nbsp;<a href=""mailto:PCCEPinfo@portlandoregon.gov"">PCCEPinfo@portlandoregon.gov</a>.</p>
<p>&nbsp;</p>
<p><strong><a href=""/pccep/article/798071"">View Agenda</a></strong></p>
<p>&nbsp;</p>
<p>&nbsp;</p>
<p><strong>Zoom Link:</strong> <a href=""https://us02web.zoom.us/j/84340981930""><strong>https://us02web.zoom.us/j/84340981930</strong></a><strong></strong></p>
<p>One tap mobile: +12532158782,,84340981930# US</p>
<p>Dial In: +1 253 215 8782 US</p>
<p>Meeting ID: 843 4098 1930</p>
<p>&nbsp;</p>
<p>&nbsp;To help ensure equal access to our programs, services, and activities, the City of Portland will reasonably modify policies/procedures and provide auxiliary aids/services to persons with disabilities. If there are ways we can help you more fully participate in this process, please contact Claudia Claudio at claudia.claudio@portlandoregon.gov.&nbsp;Use City TTY 503-823-6868, or use Oregon Relay Service: 711</p>","https://www.portlandoregon.gov/pccep/article/797981",
"Calendar",797983,1,"2022-01-11 03:30:00 UTC","PCCEP Youth Subcommittee January Public Meeting","Community Events","","2022-01-11 02:13:05 UTC","","Zoom ","2021-12-16 19:55:00 UTC","2022-01-11 02:00:00 UTC","A","PCCEP Youth Subcommittee January Public Meeting","<p>In accordance with City and State guidelines regarding the COVID-19 coronavirus&nbsp;and to do our part in our community health and wellness,&nbsp;<a class=""css-4rbku5 css-18t94o4 css-901oao css-16my406 r-1n1174f r-1loqt21 r-1qd0xha r-ad9z0x r-bcqeeo r-qvutc0"" dir=""ltr"" href=""https://twitter.com/hashtag/PCCEP?src=hashtag_click"" data-focusable=""true"">PCCEP</a>&nbsp;is canceling all in-person meetings&nbsp;and meetings will be held via Zoom. Questions?&nbsp;<a href=""mailto:PCCEPinfo@portlandoregon.gov"">PCCEPinfo@portlandoregon.gov</a>.</p>
<p>&nbsp;</p>
<p><strong><a href=""/pccep/article/798140"">View Agenda</a></strong>&nbsp;</p>
<p>&nbsp;</p>
<p>&nbsp;</p>
<p class=""Style4"">Zoom Meeting Link:&nbsp;<a href=""https://us02web.zoom.us/j/89041235216"">https://us02web.zoom.us/j/89041235216</a><a href=""https://us02web.zoom.us/j/83480123051""><br /></a></p>
<p>Meeting ID: 890 4123 5216<br />One tap mobile<br />+13462487799,,89041235216# US (Houston)</p>
<p>Dial by your location<br /><br /> +1 253 215 8782 US&nbsp;</p>
<p>&nbsp;</p>
<p>&nbsp;</p>
<p>&nbsp;To help ensure equal access to our programs, services, and activities, the City of Portland will reasonably modify policies/procedures and provide auxiliary aids/services to persons with disabilities. If there are ways we can help you more fully participate in this process, please contact Claudia Claudio at claudia.claudio@portlandoregon.gov.&nbsp;Use City TTY 503-823-6868, or use Oregon Relay Service: 711</p>","https://www.portlandoregon.gov/pccep/article/797983",
"Calendar",797985,1,"2022-01-12 03:30:00 UTC","PCCEP Steering Committee January Public Meeting","Community Events","","2022-01-11 00:45:55 UTC","","Zoom ","2021-12-16 19:57:00 UTC","2022-01-12 02:00:00 UTC","A","PCCEP Steering Committee January Public Meeting","<p>In accordance with City and State guidelines regarding the COVID-19 coronavirus&nbsp;and to do our part in our community health and wellness,&nbsp;<a class=""css-4rbku5 css-18t94o4 css-901oao css-16my406 r-1n1174f r-1loqt21 r-1qd0xha r-ad9z0x r-bcqeeo r-qvutc0"" dir=""ltr"" href=""https://twitter.com/hashtag/PCCEP?src=hashtag_click"" data-focusable=""true"">PCCEP</a>&nbsp;is canceling all in-person meetings&nbsp;and meetings will be held via Zoom. Questions?&nbsp;<a href=""mailto:PCCEPinfo@portlandoregon.gov"">PCCEPinfo@portlandoregon.gov</a>.</p>
<p>&nbsp;</p>
<p><strong><a href=""/pccep/article/798164"">View Agenda</a></strong></p>
<p>&nbsp;</p>
<p>&nbsp;</p>
<p>&nbsp;</p>
<p>Zoom Meeting Link<a href=""https://portlandoregongov-my.sharepoint.com/personal/claudia_claudio_portlandoregon_gov/Documents/:%20https:/us02web.zoom.us/j/85893513853"">:</a> <a href=""https://us02web.zoom.us/j/83480123051"">https://us02web.zoom.us/j/83480123051</a></p>
<p>One tap mobile: +13462487799,,83480123051# US</p>
<p>Dial by your location: +1 253 215 8782 US</p>
<p>Meeting ID: 834 8012 3051</p>
<p>&nbsp;</p>
<p>&nbsp;To help ensure equal access to our programs, services, and activities, the City of Portland will reasonably modify policies/procedures and provide auxiliary aids/services to persons with disabilities. If there are ways we can help you more fully participate in this process, please contact Claudia Claudio at claudia.claudio@portlandoregon.gov.&nbsp;Use City TTY 503-823-6868, or use Oregon Relay Service: 711</p>","https://www.portlandoregon.gov/pccep/article/797985",
"Calendar",797987,1,"2022-01-14 03:00:00 UTC","PCCEP Settlement Agreement and Policy Subcommittee January Public Meeting","Community Events","","2022-01-11 22:49:19 UTC","","Zoom ","2021-12-16 20:02:00 UTC","2022-01-14 01:30:00 UTC","A","PCCEP Settlement Agreement and Policy Subcommittee January Public Meeting","<p>In accordance with City and State guidelines regarding the COVID-19 coronavirus&nbsp;and to do our part in our community health and wellness,&nbsp;<a class=""css-4rbku5 css-18t94o4 css-901oao css-16my406 r-1n1174f r-1loqt21 r-1qd0xha r-ad9z0x r-bcqeeo r-qvutc0"" dir=""ltr"" href=""https://twitter.com/hashtag/PCCEP?src=hashtag_click"" data-focusable=""true"">PCCEP</a>&nbsp;is canceling all in-person meetings&nbsp;and meetings will be held via Zoom. Questions?&nbsp;<a href=""mailto:PCCEPinfo@portlandoregon.gov"">PCCEPinfo@portlandoregon.gov</a>.</p>
<p>&nbsp;</p>
<p><a href=""/pccep/article/798214"">View Agenda&nbsp;</a></p>
<p>&nbsp;</p>
<p>&nbsp;</p>
<p><strong>Zoom Meeting Link: <a href=""https://us02web.zoom.us/j/84107960822"">https://us02web.zoom.us/j/84107960822</a></strong></p>
<p><strong>Meeting ID: 841 0796 0822</strong></p>
<p><strong>One tap mobile: &nbsp;+16699006833,,84107960822# US</strong></p>
<p><strong>Dial by your location: &nbsp;&nbsp;&nbsp;+1 253 215 8782 US</strong></p>
<p>&nbsp;</p>
<p>&nbsp;</p>
<p>&nbsp;To help ensure equal access to our programs, services, and activities, the City of Portland will reasonably modify policies/procedures and provide auxiliary aids/services to persons with disabilities. If there are ways we can help you more fully participate in this process, please contact Claudia Claudio at claudia.claudio@portlandoregon.gov.&nbsp;Use City TTY 503-823-6868, or use Oregon Relay Service: 711</p>","https://www.portlandoregon.gov/pccep/article/797987",
"Calendar",797986,1,"2022-01-21 03:30:00 UTC","PCCEP Racial Equity January Public Meeting ","Community Events","","2022-01-21 01:37:20 UTC","","Zoom ","2021-12-16 19:59:00 UTC","2022-01-21 02:00:00 UTC","A","PCCEP Racial Equity Subcommittee January Public Meeting","<p>In accordance with City and State guidelines regarding the COVID-19 coronavirus&nbsp;and to do our part in our community health and wellness,&nbsp;<a class=""css-4rbku5 css-18t94o4 css-901oao css-16my406 r-1n1174f r-1loqt21 r-1qd0xha r-ad9z0x r-bcqeeo r-qvutc0"" dir=""ltr"" href=""https://twitter.com/hashtag/PCCEP?src=hashtag_click"" data-focusable=""true"">PCCEP</a>&nbsp;is canceling all in-person meetings&nbsp;and meetings will be held via Zoom. Questions?&nbsp;<a href=""mailto:PCCEPinfo@portlandoregon.gov"">PCCEPinfo@portlandoregon.gov</a>.</p>
<p>&nbsp;</p>
<p><a href=""/pccep/article/798285"">View Agenda&nbsp;</a></p>
<p>&nbsp;</p>
<p>&nbsp;</p>
<p><strong>Zoom Meeting Link:</strong> <a href=""https://us02web.zoom.us/j/84168816494"">https://us02web.zoom.us/j/84168816494</a><strong></strong></p>
<p>Dial by your location: +1 253 215 8782 US</p>
<p>One tap mobile: +16699006833,,84168816494# US</p>
<p>&nbsp;Meeting ID: 841 6881 6494</p>
<p>&nbsp;</p>
<p>&nbsp;</p>
<p>&nbsp;To help ensure equal access to our programs, services, and activities, the City of Portland will reasonably modify policies/procedures and provide auxiliary aids/services to persons with disabilities. If there are ways we can help you more fully participate in this process, please contact Claudia Claudio at claudia.claudio@portlandoregon.gov.&nbsp;Use City TTY 503-823-6868, or use Oregon Relay Service: 711</p>","https://www.portlandoregon.gov/pccep/article/797986",
"Calendar",798216,1,"2022-01-24 04:00:00 UTC","Body Worn Cameras Community Forum","Community Events","","2022-01-23 23:33:14 UTC","","Zoom","2022-01-12 03:49:00 UTC","2022-01-24 02:00:00 UTC","A","Body Worn Cameras Community Forum","<p>Portland police officers&nbsp;will be outfitted&nbsp;with body-worn cameras to record their interactions with community members. The&nbsp;City would like&nbsp;to hear from the community before implementing this technology. This forum has been organized by COCL and PCCEP to gather input from community&nbsp;in order to offer guidance to the city on crafting a body-worn camera policy.</p>
<p><strong>YouTube livestream:&nbsp;<a href=""https://youtu.be/JyrbrN4s-UQ"">https://youtu.be/JyrbrN4s-UQ</a></strong></p>
<p>&nbsp;</p>
<p>&nbsp;</p>
<p><strong><a href=""/pccep/article/798353"">VIEW AGENDA</a></strong></p>
<p>&nbsp;</p>
<p>&nbsp;</p>
<p>Zoom info:</p>
<p><strong>Join Zoom Meeting</strong></p>
<p><strong><a href=""https://us02web.zoom.us/j/87065273646"">https://us02web.zoom.us/j/87065273646</a></strong></p>
<p><strong>&nbsp;</strong><strong>Meeting ID: 870 6527 3646</strong></p>
<p><strong>One tap mobile</strong></p>
<p><strong>+12532158782,,87065273646# US&nbsp;</strong></p>
<p><strong>Dial by your location</strong></p>
<p><strong>&nbsp;+1 253 215 8782 US&nbsp;</strong></p>
<p><strong>Meeting ID: 870 6527 3646</strong></p>
<p>&nbsp;</p>
<p><strong>&nbsp;On Television:</strong></p>
<p><strong>Channel 30: Tuesday, 01-25-2022 08:30 pm</strong><br /><strong> Channel 30: Monday, 02-07-2022 08:00 pm</strong><br /><strong> Channel 30: Tuesday, 02-08-2022 06:00 pm</strong></p>","https://www.portlandoregon.gov/pccep/article/798216",
"Calendar",797988,1,"2022-01-26 04:00:00 UTC","PCCEP January Full Board Public Meeting ","Community Events","","2022-01-21 19:57:19 UTC","","Zoom ","2021-12-16 20:03:00 UTC","2022-01-26 01:00:00 UTC","A","PCCEP January Full Board Public Meeting","<p>In accordance with City and State guidelines regarding the COVID-19 coronavirus&nbsp;and to do our part in our community health and wellness,&nbsp;<a class=""css-4rbku5 css-18t94o4 css-901oao css-16my406 r-1n1174f r-1loqt21 r-1qd0xha r-ad9z0x r-bcqeeo r-qvutc0"" dir=""ltr"" href=""https://twitter.com/hashtag/PCCEP?src=hashtag_click"" data-focusable=""true"">PCCEP</a>&nbsp;is canceling all in-person meetings&nbsp;and meetings will be held via Zoom. Questions?&nbsp;<a href=""mailto:PCCEPinfo@portlandoregon.gov"">PCCEPinfo@portlandoregon.gov</a>.</p>
<p>&nbsp;</p>
<p><strong><a href=""/pccep/article/798252"">View Agenda&nbsp;</a></strong></p>
<p>&nbsp;</p>
<p>&nbsp;</p>
<p>&nbsp;</p>
<p><strong>Zoom Meeting Link: <a href=""https://us02web.zoom.us/j/82130390139"">https://us02web.zoom.us/j/82130390139</a></strong></p>
<p>One tap mobile: +12532158782,,82130390139# US</p>
<p>Dial by your location: +1 253 215 8782 US</p>
<p>Meeting ID: 821 3039 0139</p>
<p><strong>&nbsp;</strong></p>
<p>&nbsp;</p>
<p>&nbsp;</p>
<p>&nbsp;</p>
<p>&nbsp;To help ensure equal access to our programs, services, and activities, the City of Portland will reasonably modify policies/procedures and provide auxiliary aids/services to persons with disabilities. If there are ways we can help you more fully participate in this process, please contact Claudia Claudio at claudia.claudio@portlandoregon.gov.&nbsp;Use City TTY 503-823-6868, or use Oregon Relay Service: 711</p>","https://www.portlandoregon.gov/pccep/article/797988",
"Calendar",798354,1,"2022-02-02 03:30:00 UTC","PCCEP Behavioral Health Subcommittee February Public Meeting","Community Events","","2022-02-02 02:07:18 UTC","","Zoom ","2022-01-24 03:12:00 UTC","2022-02-02 02:00:00 UTC","A","PCCEP Behavioral Health Subcommittee February Public Meeting","<p>In accordance with City and State guidelines regarding the COVID-19 coronavirus&nbsp;and to do our part in our community health and wellness,&nbsp;<a class=""css-4rbku5 css-18t94o4 css-901oao css-16my406 r-1n1174f r-1loqt21 r-1qd0xha r-ad9z0x r-bcqeeo r-qvutc0"" dir=""ltr"" href=""https://twitter.com/hashtag/PCCEP?src=hashtag_click"" data-focusable=""true"">PCCEP</a>&nbsp;is canceling all in-person meetings&nbsp;and meetings will be held via Zoom. Questions?&nbsp;<a href=""mailto:PCCEPinfo@portlandoregon.gov"">PCCEPinfo@portlandoregon.gov</a>.</p>
<p><span style=""font-size: 1.1em;""><a href=""/pccep/article/798452"">VIEW AGENDA&nbsp;</a></span>&nbsp;</p>
<p>&nbsp;</p>
<p>&nbsp;</p>
<p>&nbsp;To help ensure equal access to our programs, services, and activities, the City of Portland will reasonably modify policies/procedures and provide auxiliary aids/services to persons with disabilities. If there are ways we can help you more fully participate in this process, please contact Claudia Claudio at claudia.claudio@portlandoregon.gov.&nbsp;Use City TTY 503-823-6868, or use Oregon Relay Service: 711</p>","https://www.portlandoregon.gov/pccep/article/798354",
"Calendar",798359,1,"2022-02-04 03:30:00 UTC","PCCEP Racial Equity Subcommittee Follow up Meeting -PPB Slides ","Community Events","","2022-02-03 16:09:35 UTC","","Zoom ","2022-01-24 03:21:00 UTC","2022-02-04 02:00:00 UTC","A","PCCEP Racial Equity Subcommittee Follow up Meeting -PPB Slides","<p>In accordance with City and State guidelines regarding the COVID-19 coronavirus&nbsp;and to do our part in our community health and wellness,&nbsp;<a class=""css-4rbku5 css-18t94o4 css-901oao css-16my406 r-1n1174f r-1loqt21 r-1qd0xha r-ad9z0x r-bcqeeo r-qvutc0"" dir=""ltr"" href=""https://twitter.com/hashtag/PCCEP?src=hashtag_click"" data-focusable=""true"">PCCEP</a>&nbsp;is canceling all in-person meetings&nbsp;and meetings will be held via Zoom. Questions?&nbsp;<a href=""mailto:PCCEPinfo@portlandoregon.gov"">PCCEPinfo@portlandoregon.gov</a>.</p>
<p><a href=""/pccep/article/798426"">VIEW AGENDA&nbsp;</a>&nbsp;</p>
<p>&nbsp;</p>
<p>&nbsp;</p>
<p>&nbsp;To help ensure equal access to our programs, services, and activities, the City of Portland will reasonably modify policies/procedures and provide auxiliary aids/services to persons with disabilities. If there are ways we can help you more fully participate in this process, please contact Claudia Claudio at claudia.claudio@portlandoregon.gov.&nbsp;Use City TTY 503-823-6868, or use Oregon Relay Service: 711</p>","https://www.portlandoregon.gov/pccep/article/798359",
"Calendar",798357,1,"2022-02-09 04:00:00 UTC","PCCEP Steering Committee February Public Meeting","Community Events","","2022-02-09 01:59:11 UTC","","Zoom ","2022-01-24 03:18:00 UTC","2022-02-09 02:00:00 UTC","A","PCCEP Steering Committee February Public Meeting","<p>In accordance with City and State guidelines regarding the COVID-19 coronavirus&nbsp;and to do our part in our community health and wellness,&nbsp;<a class=""css-4rbku5 css-18t94o4 css-901oao css-16my406 r-1n1174f r-1loqt21 r-1qd0xha r-ad9z0x r-bcqeeo r-qvutc0"" dir=""ltr"" href=""https://twitter.com/hashtag/PCCEP?src=hashtag_click"" data-focusable=""true"">PCCEP</a>&nbsp;is canceling all in-person meetings&nbsp;and meetings will be held via Zoom. Questions?&nbsp;<a href=""mailto:PCCEPinfo@portlandoregon.gov"">PCCEPinfo@portlandoregon.gov</a>.</p>
<p><a href=""/pccep/article/798621"">VIEW AGENDA&nbsp;</a></p>
<p>&nbsp;</p>
<p>Zoom Link:<a href=""https://us02web.zoom.us/j/81819812916""> https://us02web.zoom.us/j/81819812916 </a></p>
<p>Meeting ID: 818 1981 2916</p>
<p>One tap mobile:+12532158782,,81819812916#</p>
<p>Dial by your location: +1 253 215 8782 US</p>
<p>&nbsp;</p>
<p>&nbsp;To help ensure equal access to our programs, services, and activities, the City of Portland will reasonably modify policies/procedures and provide auxiliary aids/services to persons with disabilities. If there are ways we can help you more fully participate in this process, please contact Claudia Claudio at claudia.claudio@portlandoregon.gov.&nbsp;Use City TTY 503-823-6868, or use Oregon Relay Service: 711</p>","https://www.portlandoregon.gov/pccep/article/798357",
"Calendar",798356,1,"2022-02-11 03:30:00 UTC","PCCEP Settlement Agreement and Policy Subcommittee February Public Meeting","Community Events","","2022-02-08 01:29:28 UTC","","Zoom ","2022-01-24 03:16:00 UTC","2022-02-11 02:00:00 UTC","A","PCCEP Settlement Agreement and Policy Subcommittee February Public Meeting","<p>In accordance with City and State guidelines regarding the COVID-19 coronavirus&nbsp;and to do our part in our community health and wellness,&nbsp;<a class=""css-4rbku5 css-18t94o4 css-901oao css-16my406 r-1n1174f r-1loqt21 r-1qd0xha r-ad9z0x r-bcqeeo r-qvutc0"" dir=""ltr"" href=""https://twitter.com/hashtag/PCCEP?src=hashtag_click"" data-focusable=""true"">PCCEP</a>&nbsp;is canceling all in-person meetings&nbsp;and meetings will be held via Zoom. Questions?&nbsp;<a href=""mailto:PCCEPinfo@portlandoregon.gov"">PCCEPinfo@portlandoregon.gov</a>.</p>
<p><a href=""/pccep/article/798618"">VIEW AGENDA&nbsp;</a></p>
<p>&nbsp;</p>
<p><strong>Zoom Meeting Link: <a href=""https://us02web.zoom.us/j/89159961449"">https://us02web.zoom.us/j/89159961449</a></strong></p>
<p><strong>Meeting ID: 891 5996 1449</strong></p>
<p><strong>One tap mobile: +13462487799,,89159961449# US</strong></p>
<p><strong>Dial by your location: +1 253 215 8782 US</strong></p>
<p>&nbsp;To help ensure equal access to our programs, services, and activities, the City of Portland will reasonably modify policies/procedures and provide auxiliary aids/services to persons with disabilities. If there are ways we can help you more fully participate in this process, please contact Claudia Claudio at claudia.claudio@portlandoregon.gov.&nbsp;Use City TTY 503-823-6868, or use Oregon Relay Service: 711</p>","https://www.portlandoregon.gov/pccep/article/798356",
"Calendar",798355,1,"2022-02-15 03:30:00 UTC","PCCEP Youth Subcommittee February Meeting","Community Events","","2022-02-15 02:30:44 UTC","","Zoom ","2022-01-24 03:15:00 UTC","2022-02-15 02:00:00 UTC","A","PCCEP Youth Subcommittee February Meeting","<p>In accordance with City and State guidelines regarding the COVID-19 coronavirus&nbsp;and to do our part in our community health and wellness,&nbsp;<a class=""css-4rbku5 css-18t94o4 css-901oao css-16my406 r-1n1174f r-1loqt21 r-1qd0xha r-ad9z0x r-bcqeeo r-qvutc0"" dir=""ltr"" href=""https://twitter.com/hashtag/PCCEP?src=hashtag_click"" data-focusable=""true"">PCCEP</a>&nbsp;is canceling all in-person meetings&nbsp;and meetings will be held via Zoom. Questions?&nbsp;<a href=""mailto:PCCEPinfo@portlandoregon.gov"">PCCEPinfo@portlandoregon.gov</a>.</p>
<p><a href=""/pccep/article/798667"">VIEW AGENDA&nbsp;</a></p>
<p>&nbsp;</p>
<p>&nbsp;To help ensure equal access to our programs, services, and activities, the City of Portland will reasonably modify policies/procedures and provide auxiliary aids/services to persons with disabilities. If there are ways we can help you more fully participate in this process, please contact Claudia Claudio at claudia.claudio@portlandoregon.gov.&nbsp;Use City TTY 503-823-6868, or use Oregon Relay Service: 711</p>","https://www.portlandoregon.gov/pccep/article/798355",
"Calendar",798358,1,"2022-02-18 03:30:00 UTC","PCCEP Racial Equity Subcommittee February Public Meeting ","Community Events","","2022-02-14 18:51:25 UTC","","Zoom ","2022-01-24 03:20:00 UTC","2022-02-18 02:00:00 UTC","A","PCCEP Racial Equity Subcommittee February Public Meeting","<p>In accordance with City and State guidelines regarding the COVID-19 coronavirus&nbsp;and to do our part in our community health and wellness,&nbsp;<a class=""css-4rbku5 css-18t94o4 css-901oao css-16my406 r-1n1174f r-1loqt21 r-1qd0xha r-ad9z0x r-bcqeeo r-qvutc0"" dir=""ltr"" href=""https://twitter.com/hashtag/PCCEP?src=hashtag_click"" data-focusable=""true"">PCCEP</a>&nbsp;is canceling all in-person meetings&nbsp;and meetings will be held via Zoom. Questions?&nbsp;<a href=""mailto:PCCEPinfo@portlandoregon.gov"">PCCEPinfo@portlandoregon.gov</a>.</p>
<p><a href=""/pccep/article/798695"">VIEW AGENDA&nbsp;</a></p>
<p>&nbsp;</p>
<p>&nbsp;</p>
<p><strong>Zoom Meeting Link:</strong> <a href=""https://us02web.zoom.us/j/86882123677"">https://us02web.zoom.us/j/86882123677</a><strong></strong></p>
<p>Dial by your location: +12532158782,,86882123677# US &nbsp;</p>
<p>One tap mobile: +1 253 215 8782 US</p>
<p>&nbsp;Meeting ID: 868 8212 3677</p>
<p>&nbsp;</p>
<p>&nbsp;</p>
<p>&nbsp;To help ensure equal access to our programs, services, and activities, the City of Portland will reasonably modify policies/procedures and provide auxiliary aids/services to persons with disabilities. If there are ways we can help you more fully participate in this process, please contact Claudia Claudio at claudia.claudio@portlandoregon.gov.&nbsp;Use City TTY 503-823-6868, or use Oregon Relay Service: 711</p>","https://www.portlandoregon.gov/pccep/article/798358",
"Calendar",798360,1,"2022-02-23 04:00:00 UTC","PCCEP February Full Board Meeting ","Community Events","","2022-02-16 00:29:16 UTC","","Zoom ","2022-01-24 03:24:00 UTC","2022-02-23 01:00:00 UTC","A","PCCEP February Full Board Meeting","<p>In accordance with City and State guidelines regarding the COVID-19 coronavirus&nbsp;and to do our part in our community health and wellness,&nbsp;<a class=""css-4rbku5 css-18t94o4 css-901oao css-16my406 r-1n1174f r-1loqt21 r-1qd0xha r-ad9z0x r-bcqeeo r-qvutc0"" dir=""ltr"" href=""https://twitter.com/hashtag/PCCEP?src=hashtag_click"" data-focusable=""true"">PCCEP</a>&nbsp;is canceling all in-person meetings&nbsp;and meetings will be held via Zoom. Questions?&nbsp;<a href=""mailto:PCCEPinfo@portlandoregon.gov"">PCCEPinfo@portlandoregon.gov</a>.</p>
<p>&nbsp;</p>
<p><a href=""/pccep/article/798732"">VIEW AGENDA&nbsp;</a></p>
<p>&nbsp;</p>
<p>Join Zoom Meeting<br /><a href=""https://us02web.zoom.us/j/86393025352"">https://us02web.zoom.us/j/86393025352</a></p>
<p>Meeting ID: 863 9302 5352</p>
<p><br />One tap mobile<br />+12532158782,,86393025352# US&nbsp;</p>
<p>Dial by your location<br /> +1 253 215 8782 US&nbsp;</p>
<p>&nbsp;</p>
<p>&nbsp;</p>
<p>&nbsp;To help ensure equal access to our programs, services, and activities, the City of Portland will reasonably modify policies/procedures and provide auxiliary aids/services to persons with disabilities. If there are ways we can help you more fully participate in this process, please contact Claudia Claudio at claudia.claudio@portlandoregon.gov.&nbsp;Use City TTY 503-823-6868, or use Oregon Relay Service: 711</p>","https://www.portlandoregon.gov/pccep/article/798360",
"Calendar",798803,1,"2022-03-02 03:30:00 UTC","PCCEP Behavioral Health Subcommittee March Meeting ","Community Events","","2022-02-25 18:52:14 UTC","","Zoom ","2022-02-25 18:50:00 UTC","2022-03-02 02:00:00 UTC","A","Portland Committee on Community Engaged Policing (PCCEP) Behavioral Health Subcommittee","<p><a href=""/pccep/article/798802"">View Agenda&nbsp;</a></p>
<p>&nbsp;</p>
<p><strong>Zoom Link: </strong></p>
<p>One tap mobile: <a href=""https://us02web.zoom.us/j/82652504760"">https://us02web.zoom.us/j/82652504760</a></p>
<p>Meeting ID: 826 5250 4760</p>
<p>One tap mobile: +12532158782,,82652504760# US</p>
<p>Dial In:+1 253 215 8782 US</p>","https://www.portlandoregon.gov/pccep/article/798803",
