CATEGORY_NAME,CONTENT_ID,CONTENT_NAME,DEPTH,EXPIRE_DATE,LAST_UPDATED_DATE,PUBLISH_DATE,STATUS,SUMMARY_TEXT,TEXT,URL
The Mayor's Blog,731921,Welcome to the Mayor's Office,1,,2019-05-20 20:41:09 UTC,2019-05-16 17:42:00 UTC,A,,"<p>Welcome to&nbsp;<em>The Mayor's Blog</em>.</p>
<p>Here, you will get a glimpse into our office and the work that goes on day in and day out. My team is working diligently every single day to make Portland a great place to live, work, and play.</p>
<p>It&rsquo;s our honor to serve the City of Portland!</p>
<p>We&rsquo;re excited you decided to join us.</p>
<p>Mayor Ted Wheeler</p>
<p>&nbsp;</p>",https://www.portlandoregon.gov/wheeler/article/731921
The Mayor's Blog,732798,Mayor Wheeler Meets Rose Festival Court,1,,2019-06-04 16:20:39 UTC,2019-05-24 15:13:00 UTC,A,,"<p><img class=""content-right"" title=""court"" src=""/shared/cfm/image.cfm?id=733788"" alt="""" width=""250"" height=""250"" /></p>
<p class=""content-left"">On Wednesday, I had the honor of meeting with the incredibly talented young women of the Rose Festival Court. They had the unique opportunity of sitting in on our morning Council Session, which covered a broad range of items.</p>
<p class=""content-left"">The young women were very knowledgeable and passionate about the issues we face in our society. Their perception of the world was also refreshing and positive. They will be the future leaders of our City, and I cannot wait to see what&rsquo;s in store for them. Sky&rsquo;s the limit!</p>
<p class=""content-left"">&nbsp;</p>
<p class=""content-left"">&nbsp;</p>",https://www.portlandoregon.gov/wheeler/article/732798
The Mayor's Blog,733801,Honoring Coach Keanon Lowe,1,,2019-06-04 16:26:31 UTC,2019-06-04 16:03:00 UTC,A,,"<p>On Wednesday, May 29, 2019, Chief Outlaw and I went to Parkrose High School to honor Coach Keanon Lowe.&nbsp;Chief Outlaw awarded the Coach with the Civilian Medal of Heroism, recognition he deeply deserves.&nbsp; As Mayor of Portland, I proclaimed May 29, 2019, Coach Keanon Lowe&nbsp;</p>
<p>Coach Lowe has my deepes<img class=""content-left"" style=""; font-size: 12px; font-style: normal; font-weight: normal;"" title=""Parkrose"" src=""/shared/cfm/image.cfm?id=733800"" alt=""Parkrose photo"" width=""250"" height=""374.788015828"" /><span style=""font-size: 1.1em;"">t gratitude and respect for his actions on May 17th.&nbsp; He was in the right place at the right time and reacted selflessly when he saw a student in a classroom with a weapon.&nbsp; Because of his actions, the quick thinking of his fellow colleagues, as well as the students who alerted staff of unusual behavior, no one was injured.&nbsp; As we all know, it could have ended much differently.&nbsp;day of recognition on behalf of all Portlanders.</span></p>
<p>Coach Lowe embodies courage, honor, and self-sacrifice.&nbsp; Since May 17th&nbsp;it has been my pleasure to learn more about him. He is a leader and has been throughout his life.&nbsp; I have heard him say he was placed right where he was needed at a certain moment in time, which I completely agree with.&nbsp; I respect the fact Coach Lowe takes on the mantle of a leader in our city.&nbsp;</p>
<p>He is deeply committed to helping young people who participate in sports and education move forward in life.&nbsp; We all can learn a great lesson from his example.</p>
<p>I am grateful to Coach Lowe for what he did on May 17th,&nbsp;but I am inspired by him because of the quality of his character and his love of others.&nbsp; Dr. Martin Luther King said, &ldquo;The ultimate measure of a man is not where he stands in moments of comfort or convenience, but where he stands in at times of challenge and controversy&rdquo;</p>
<p>&nbsp;</p>
<p>&nbsp;</p>
<p>&nbsp;</p>",https://www.portlandoregon.gov/wheeler/article/733801
The Mayor's Blog,733982,Supporting Our Youth Climate Activists,1,,2019-06-06 17:53:45 UTC,2019-06-06 17:12:00 UTC,A,,"<p>A couple of days ago, I met with youth climate activists to support them in their fight to tackle climate change.</p>
<p><img class=""content-right"" style=""vertical-align: text-top;"" src=""/shared/cfm/image.cfm?id=733984"" alt=""Climate Photo "" width=""200"" height=""267.2"" /></p>
<p>I also met with the plaintiffs who are currently involved in the landmark constitutional youth climate lawsuit <em>Juliana v. United States </em>that hopes to hold the Federal Government accountable for their lack of action regarding climate change.</p>
<p>It is inspiring to witness the tenacity and the drive of our youth! Here in Portland, we will continue to fight alongside them in protecting our environment.&nbsp;</p>
<p>&nbsp;</p>",https://www.portlandoregon.gov/wheeler/article/733982
The Mayor's Blog,734216,Grand Floral Parade 2019,1,,2019-06-10 22:28:24 UTC,2019-06-10 22:00:00 UTC,A,,"<p class=""content-left""><img class=""content-right"" style=""float: right;"" src=""/shared/cfm/image.cfm?id=734217"" alt=""Grand Floral"" width=""250"" height=""200.5"" />On Saturday, I was honored to join Mayors from across Oregon, as well as members of my team for the Rose Festival&rsquo;s Grand Floral Parade.</p>
<p class=""content-left"">The day started with the Rose Festival Queen&rsquo;s Coronation. A big congratulations to Mya Brazile &ndash; from St. Mary&rsquo;s Academy!</p>
<p class=""content-left"">Then I joined my fellow Mayoral colleagues at our annual Mayoral breakfast in the Veterans Memorial Coliseum. We talked about their work around the state and what they&rsquo;re hoping to accomplish in their cities.</p>
<p>After breakfast, we met thousands of people during our march. The weather was great, the positive energy was palpable, and everyone had a great time.</p>
<p class=""content-left"">Thank you to all who made the Grand Floral Parade such a great success!</p>",https://www.portlandoregon.gov/wheeler/article/734216
The Mayor's Blog,734425,Celebrating Fleet Week,1,,2019-06-12 16:54:50 UTC,2019-06-12 16:33:00 UTC,A,,"<p>Last week was Fleet Week and did you know that the City of Portland has been celebrating Fleet Week for over a century?<img class=""content-left"" src=""/shared/cfm/image.cfm?id=734424"" alt=""Fleet Week"" width=""250"" height=""188"" /></p>
<p>This year was particularly special because the Rose Festival Fleet Committee organized a brand-new event, that profiled military chefs from five fleets and paired them with five local restaurant chefs. Each team was responsible for making street tacos using ingredients found on aircraft carriers and in the end the crowd voted for their favorite tacos.</p>
<p>The friendly competition was dubbed: The Galley Wars</p>
<p>Everyone did an outstanding job and the tacos were delicious!&nbsp;It was a great way to celebrate the culinary talents of our armed forces as well as our world-renowned chefs.</p>",https://www.portlandoregon.gov/wheeler/article/734425
The Mayor's Blog,735018,Happy Juneteenth!,1,,2019-06-19 23:42:17 UTC,2019-06-19 23:18:00 UTC,A,,"<p>&nbsp; &nbsp; &nbsp; &nbsp; &nbsp; &nbsp; &nbsp; &nbsp; &nbsp; &nbsp; &nbsp; &nbsp; &nbsp; &nbsp; &nbsp; &nbsp; &nbsp; &nbsp; &nbsp; &nbsp; &nbsp; &nbsp; &nbsp; &nbsp; &nbsp; &nbsp; &nbsp; &nbsp; &nbsp; &nbsp;</p>
<p><a style=""font-weight: 400; font-style: normal; font-size: 13.2px; ; color: #ffffff; background: #0099cc;"" href=""http://www.juneteenthor.com""><img class=""content-left"" style=""font-size: 13.2px;"" src=""/shared/cfm/image.cfm?id=735017"" alt="""" width=""250"" height=""333.333333333"" /></a>Last Saturday, I had the great opportunity to join community members at Legacy Emanuel for our annual Juneteenth Celebration!</p>
<p>Although our nation celebrates July 4th as Independence Day, not everyone was able to partake in the freedom laid out in the Declaration of Independence. Even after the emancipation Proclamation slaves were kept by some in defiance. On June 19, 1865, Major Gordon Granger read General Order Number 3 in Galveston, Texas containing the words ""all slaves are free."" Juneteenth Dependence Day commemorates that important day in our history.&nbsp;</p>
<p>In Portland, we have a forty-five year tradition of celebrating Juneteenth because of the incredible work by community leaders like, Clara Peoples! Through her work and advocacy our community can carry on her legacy of recognizing the importance of inclusion.&nbsp;</p>
<p>To learn more about Juneteenth in Portland, visit Juneteenth Oregon's website at <a href=""http://www.juneteenthor.com"">www.juneteenthor.com</a></p>
<p>&nbsp;</p>
<p><strong><a href=""/wheeler/article/735020"">Juneteenth Proclamation in Portland</a></strong></p>
<p>&nbsp;</p>
<p><strong><a href=""https://expo.oregonlive.com/news/g66l-2019/06/20f00f3a9b4980/2019-oregon-juneteenth-parade-and-celebration-in-northeast-portland-photos.html"">Oregon Juneteenth parade and celebration kicks off in Portland</a></strong> by Mark Graves, The Oregonian</p>",https://www.portlandoregon.gov/wheeler/article/735018
The Mayor's Blog,735051,Pride in Portland,1,,2019-06-20 16:46:18 UTC,2019-06-20 15:46:00 UTC,A,,"<p>Last week, the City was full of pride - honoring 50 years of Stonewall, 25 years of Pride Northwest, and of course Pride in Portland!</p>
<p><img class=""content-left"" style=""; font-size: 12px; font-style: normal; font-weight: normal;"" src=""/shared/cfm/image.cfm?id=735046"" alt="""" width=""250"" height=""374.946328897"" />We kicked off Pride with a Pride Proclamation event at City Council last Wednesday. During the council session the Commissioner and I listened to important testimony from LGBTQ+ community members and the Executive Director of Pride Northwest, Debra Porta, on the history as well as the future of of Pride in Portland.&nbsp;</p>
<p>The day was filled with many emotions as we heard from community members like Jim Clay from Cascade AIDS Project on how our community continues to witness the struggles older adults in our LGBTQ+ community. we also took a moment of silence for those in our community - both past and present - who have been victims of hate because of racism, sexism, homophobia, and transphobia.&nbsp;</p>
<p>Then on Sunday, I joined my city colleagues as we marched proudly with our community in the Pride Parade in Portland in Portland. It was attended by over 45,000 people. The energy was incredible!</p>
<p>Thank you to<a href=""https://www.pridenw.org/parade""> Pride Northwes</a>t, We are Better together, City Employees LGBTQ+ and Friends Affinity group, my wife Katrina, and of course my staff for making Portland Proud!</p>
<p>&nbsp;<strong><a href=""https://www.youtube.com/watch?v=04HI_wZGxbg&amp;feature=youtu.be"">City of Portland Pride Video&nbsp;</a></strong></p>
<p><strong><a href=""/wheeler/article/735022"">City of Portland Pride Proclamation</a></strong></p>
<p><a href=""https://expo.oregonlive.com/news/g66l-2019/06/f10ba1294d182/-portland-pride-parade-2019-tens-of-thousands-clad-in-rainbow-colors-flood-downtown-portland-photos.html""><strong>Portland Pride Parade 2019: Tens of thousands clad in rainbow colors flood downtown Portland</strong> </a>by Mark Graves, The Oregonian</p>
<p><strong><a href=""https://www.oregonlive.com/living/2019/06/portland-pride-expects-60000-people-for-downtown-festival-parade.html"">Portland Pride expects 60,000 people for downtown festival, parade</a></strong> by Lizzy Acker, The Oregonian</p>
<p><strong><a href=""https://www.portlandmercury.com/blogtown/2019/06/17/26658282/pride-parade-photos-the-mercury-celebrates-pride"">Pride Parade Photos: The Mercury Celebrates Pride</a></strong> by Wm.Steven Humphrey, Portland Mercury</p>",https://www.portlandoregon.gov/wheeler/article/735051
The Mayor's Blog,735197,"Clean Start, Second Chance",1,,2019-06-21 22:32:14 UTC,2019-06-21 22:08:00 UTC,A,,"<p class=""content-left"">In partnership with the City, Central City Concern's Clean Start program works hard to provide trash removal services to areas impacted by people experiencing homelessness throughout the city.&nbsp;Through the Clean Start program, 544 tons of trash and 29,296 needles were collected and removed in 2018.</p>
<p>But Clean Start is more than just a trash removal program. They believe in giving people second, third, and fourth chances.&nbsp;Their homeless-to-work program helps formerly homeless individuals earn a regular paycheck while providing them with an understanding, compassionate, and stable work environment.&nbsp;</p>
<p>The Clean Start program assesses barriers to employment and helps people move on to permanent full-time employment.&nbsp;Most of the trainees receive housing in one of Central City Concern's housing buildings during their employment.&nbsp;Each year, since 2015, about 50 trainees go through the program. In 2019, it is expected that the program will expand to 70 trainees.</p>
<p><iframe style=""; font-size: 12px; font-style: normal; font-weight: normal;"" frameborder=""0"" height=""383"" scrolling=""no"" src=""https://cdn.embedly.com/widgets/media.html?src=https%3A%2F%2Fwww.youtube.com%2Fembed%2FcYwNixKhs7E%3Ffeature%3Doembed&amp;url=http%3A%2F%2Fwww.youtube.com%2Fwatch%3Fv%3DcYwNixKhs7E&amp;image=https%3A%2F%2Fi.ytimg.com%2Fvi%2FcYwNixKhs7E%2Fhqdefault.jpg&amp;key=e5e6930efb4511e08da14040d3dc5c07&amp;type=text%2Fhtml&amp;schema=youtube"" width=""680""></iframe></p>
<p>In the video, you&rsquo;ll hear about David&rsquo;s powerful story.&nbsp;For more information about Clean Start, please visit their website <a href=""https://portlandoregon.us15.list-manage.com/track/click?u=eb2d3fc3d6bd09983d31db8de&amp;id=744867814b&amp;e=1067325f76"" target=""_blank"">here.</a></p>",https://www.portlandoregon.gov/wheeler/article/735197
The Mayor's Blog,736982,NARAL Resolution supporting Right to Safe and Legal Abortion,1,,2019-07-10 23:29:54 UTC,2019-07-10 23:25:00 UTC,A,,"<p>At the Portland City Council Meeting on Wednesday, July 10, <a href=""https://prochoiceoregon.org/"">NARAL Pro-Choice Oregon</a>, <a href=""https://forwardtogether.org/"">Forward Together</a> and <a href=""http://www.apano.org/"">APANO</a> along with the support of Commissioner Jo Ann Hardesty and City Attorney Tracy Reeve, brought forward a resolution in support of a right to safe and legal abortion. In previous years, we primarily encountered the introduction of bills intending&nbsp;to restrict abortion rights, such as most recently Measure 106 that was referred to the ballot in November of 2018, but those measures, thankfully, failed. In 2019, we are again witnessing measures restricting abortion rights in multiple states. We must fight against these restrictions to the right of safe and legal choice. I stand with my fellow City Council members in their concern over the current threats against abortion rights&mdash;which affect all members of our community.</p>
<p>&nbsp;</p>
<p>&ldquo;We&rsquo;ve seen first-hand the devastation that comes when abortions are not legal, safe, and accessible,&rdquo; said Commissioner Hardesty. &ldquo;I&rsquo;m calling on us as a city hold the line here and ask other progressive cities to join us in defending reproductive rights throughout the country.&rdquo;</p>
<p>&nbsp;</p>
<p>All five members of City Council co-sponsored the resolution, which passed unanimously this afternoon.</p>",https://www.portlandoregon.gov/wheeler/article/736982
The Mayor's Blog,737222,Mayor Ted Wheeler and Portland City Council to Host Public Community Forum on Zenith,1,,2019-07-12 22:51:17 UTC,2019-07-12 22:48:00 UTC,A,,"<p>Mayor Ted Wheeler and the Portland City Council will host a public community forum intended to discuss issues related to the activity at the Zenith terminal in North Portland on <strong>July 15<sup>th</sup>, 2019</strong>.</p>
<p>&ldquo;Portlanders have every right to be concerned about the domestic and international shipment of crude and tar sands oil,&rdquo; said Mayor Wheeler. &ldquo;I am proud to serve as Mayor of a city that has a long history of environmentalism. I remain opposed to any expansion or activity that would endanger the health and safety of communities in this city - and pose a serious threat to our natural environment. I look forward to engaging in meaningful discussion with Portlanders about steps we can take together to ensure this goal is met.&rdquo;</p>
<p>&ldquo;The City&rsquo;s ability to regulate oil trains and Zenith&rsquo;s activities is limited, but we should leave no stone unturned in finding ways to protect Portlanders. From extraction, to transport, to refinement, tar sands oil is the dirtiest and most dangerous form of fossil fuel. We don&rsquo;t need it and we don&rsquo;t want it in Portland or anywhere on our planet&rdquo; said Commissioner Chloe Eudaly.</p>
<p>This is a time for the public to express their concerns. It&rsquo;s also a time for the City to share what actions have been taken so far, where we stand, and discuss next steps.</p>
<p>The Zenith Community Forum is scheduled for <strong>Monday, July 15<sup>th</sup>, 6:30 PM - 8:30 PM at the University of Portland&rsquo;s Buckley Auditorium.The event is open to the public and media.</strong></p>",https://www.portlandoregon.gov/wheeler/article/737222
The Mayor's Blog,737332,Rossi Farm to Table Dinner,1,,2019-07-15 22:21:01 UTC,2019-07-15 22:09:00 UTC,A,,"<p>I had the opportunity over the weekend to enjoy good food, good drink and great friends at a benefit event that celebrates the Farm-to-Table dining experiences that we embrace in our region. The event&mdash;called <a href=""https://cowabunga.pdxmonthly.com/"">&ldquo;Cowabunga&rdquo;</a> and organized by Portland Monthly magazine&mdash;showcased the local Farm-to-Table bounty, freshness and flavors that make our city and state a go-to place to experience culinary excellence.</p>
<p>The three-day event--benefitting Meals on Wheels People and the Parkrose Community&mdash;was held at Rossi Farms in northeast Portland, where their goal is to connect people back to their roots, and where their food comes from. When we enjoy Farm-to-Table dining, we&rsquo;re not just supporting restaurants. We&rsquo;re supporting chefs, farmers, ranchers, fishers and food artisans who put those restaurants on the map.<img class=""content-left"" src=""/shared/cfm/image.cfm?id=737335"" alt=""Rossi Farm to table "" width=""300"" height=""225"" /></p>
<p>Eating local is paramount to my lifestyle&mdash;not only because it supports those who contribute and our local economies&mdash;but also because it is environmentally responsible, all concepts that I value. By sourcing local ingredients, vendors reduce the number of miles ingredients travel, so less fuel is consumed and fewer emissions are released.</p>
<p>Portland is special because so many restaurants have adopted the Farm To Table approach, partnering with local farmers to provide the freshest ingredients. Portland's robust reputation as one of the most sustainable cities is bolstered because Portlanders value the environment, our community and our healthy, fresh and local menu options.</p>",https://www.portlandoregon.gov/wheeler/article/737332
The Mayor's Blog,737409,The Navigation Team is One Step Towards Solving the Homelessness Crisis,1,,2019-07-22 23:09:37 UTC,2019-07-16 17:41:00 UTC,A,,"<p><img class=""content-right"" title=""Navigation Center under construction, July 10, 2019"" src=""/shared/cfm/image.cfm?id=737408"" alt=""Image Shows a Green Building that Serves as the Navigation Center"" width=""250"" height=""375"" /></p>
<p>Our office is working tirelessly to create efficient and lasting solutions to homelessness. The growing gap between housing costs and incomes in our region is increasing the number of those who experience housing insecurity and homelessness in Portland, which has led a rise in visible camping. That&rsquo;s why the we&rsquo;re partnering with Multnomah County to implement a new Navigation Team.</p>
<p>&nbsp;</p>
<p>The Navigation Team is a vital piece of solving the housing crisis in our city. It focuses on taking a services-first approach to high-impact campsites, connecting campers to shelters, services, housing and health supports before a camp is posted for cleaning and removal. A new Navigation Center at the west end of the Broadway Bridge&mdash;offering 120 shelter beds for temporary housing&mdash;will facilitate the Navigation Team&rsquo;s work when it is completed. Along with offering housing opportunities and services to people who are experiencing homelessness, this compassionate, diligent team also addresses the impact of unsanctioned camping. The workers with the Navigation Team tirelessly connect with campers on a near-daily basis. Much like this crisis cannot be solved overnight, the Navigation Team is often in touch with people experiencing homelessness for a few weeks to make sure they are getting the support they need.</p>
<p>&nbsp;</p>
<p>So far, the team has accomplished the following:</p>
<p>&nbsp;</p>
<ul>
<li>109 individuals engaged total</li>
<li>18 people screened and assessed for supportive housing</li>
<li>5 couples and 9 singles (19 total) helped into shelter</li>
<li>36 people helped to receive IDs</li>
<li>20 people helped to receive birth certificates</li>
<li>25 signed up for medical insurance under the Oregon Health Plan</li>
<li>2 provided with eyeglasses</li>
<li>3 helped into substance abuse treatment</li>
<li>14 given housing referrals</li>
</ul>
<p>&nbsp;</p>
<p>&nbsp;</p>
<p class=""Default"">If you have additional questions<a id=""_anchor_1"" name=""_msoanchor_1"" href=""file:///G:/Constituents%20Services/Blog%20Posts/Web%20Story%20Nav%20Team%20TB%20edits%20FINAL%20for%207-11.docx#_msocom_1""></a><strong>&nbsp;</strong>about the Navigation Team and its work, contact johs@multco.us.</p>
<p class=""Default"">To learn more<strong> </strong>about the City of Portland&rsquo;s work to reduce camping impacts, go to <a href=""/toolkit/"">www.portlandoregon.gov/toolkit/.</a></p>
<p class=""Default"">&nbsp;</p>
<p>To learn more<strong> </strong>about how Portland and Multnomah County&rsquo;s investments are helping thousands of people end their homelessness, so that they are no longer in encampments or even emergency shelter, go to <a href=""file:///C:/Users/jormartin/AppData/Local/Microsoft/Windows/Temporary%20Internet%20Files/Content.Outlook/PP4MNFZW/www.ahomeforeveryone.net"">www.ahomeforeveryone.net</a>.</p>
<p>&nbsp;</p>",https://www.portlandoregon.gov/wheeler/article/737409
The Mayor's Blog,737583,Mayor Visits LifeWorks Northwest,1,,2019-07-26 23:20:06 UTC,2019-07-18 16:05:00 UTC,A,,"<p>&nbsp;</p>
<p><img class=""content-left"" style=""; font-size: 12px; font-style: normal; font-weight: normal;"" src=""/shared/cfm/image.cfm?id=737584"" alt="""" width=""284"" height=""427"" /></p>
<p>Earlier this week, I had the opportunity to tour the Children&rsquo;s Relief Nursery at Lifeworks NW where they offer classroom-based therapeutic care for children. The tour gave me a first-hand look at the many wonderful services they provide thanks in-part to the support they receive from the Portland Children&rsquo;s Levy.</p>
<p>&nbsp;</p>
<p>I would just like to say Thank you to the Children&rsquo;s Relief Nursery and LifeWorks NW for the tour.</p>
<p>&nbsp;</p>
<p>To learn more about the work of LifeWorks NW, please visit <a href=""https://www.lifeworksnw.org/"">https://www.lifeworksnw.org/</a></p>
<p>&nbsp;</p>
<p>To learn more about the Portland Children&rsquo;s Levy, please visit <a href=""https://www.portlandchildrenslevy.org/"">https://www.portlandchildrenslevy.org/</a></p>
<p>&nbsp;</p>
<p>&ldquo;A huge shout out to Mayor Ted Wheeler for stopping by to meet the children, parents, and staff of the Children's Relief Nursery in St. Johns. The <a href=""https://business.facebook.com/lifeworksnorthwest/?fref=mentions&amp;__xts__%5B0%5D=68.ARAD80JKWC6ZFYzqkSntttVwsaGCPX8QBFOC2MyE5cI_ZykQ5PrKdNbTFmqOhlajdSGMKy1Nw70akPB4QTcY28gj5g9uGGuHokRgP2uDQfyj8KBSWImTWKuN6HbvcPZEE8JTtO8u_TL9IuzLUsY0p0kvEMDlH5zKF0ehDbbyZ8mBT0ZnC-T6eYq-feyH4pdv8c0xKYQbNTOT3lnBNPEKPNL4W_wOKpjUOYfOGKXfsh8RabcQtZV2HFOZ70YJrZ9gq40kldAcLOgj_mvtlnzyQ8Jm1yCQ0HnFP-8Bc-92zvnNXeFbgHKW4WclCeSXH2c6vXyxJwAoSRj1Z7zJZFqaKFO46g&amp;__tn__=K-R"">LifeWorks NW</a> program offers classroom&#8208;based therapeutic care, home visits, parenting education, and respite care and is one of the 70+ proven programs supported by the Portland Children's Levy.&rdquo;-From the Portland Children&rsquo;s Levy</p>
<p>&nbsp;</p>
<p>&nbsp;</p>
<p>To learn more about the Children's Levy, please visit their <a href=""https://www.facebook.com/PDXKidsLevy/videos/2342342419227745"">Facebook</a>, <a href=""https://twitter.com/PDXKidsLevy/status/1154862958486441984"">Twitter</a>, and <a href=""https://www.instagram.com/p/B0ZRHLphfXl/"">Instagram</a>!</p>
<p><span style=""font-size: 1.1em;"">&nbsp;</span></p>
<p>&nbsp;</p>",https://www.portlandoregon.gov/wheeler/article/737583
The Mayor's Blog,737795,Mayor Ted Wheeler takes national stage to discuss local action in fight against climate change,1,,2019-07-19 23:31:03 UTC,2019-07-19 23:25:00 UTC,A,,"<p><iframe frameborder=""0"" height=""281"" scrolling=""no"" src=""https://cdn.embedly.com/widgets/media.html?src=https%3A%2F%2Fwww.youtube.com%2Fembed%2Fhoy7ZtNFmdw%3Ffeature%3Doembed&amp;url=http%3A%2F%2Fwww.youtube.com%2Fwatch%3Fv%3Dhoy7ZtNFmdw&amp;image=https%3A%2F%2Fi.ytimg.com%2Fvi%2Fhoy7ZtNFmdw%2Fhqdefault.jpg&amp;key=e5e6930efb4511e08da14040d3dc5c07&amp;type=text%2Fhtml&amp;schema=youtube"" width=""500""></iframe></p>
<p>Mayor Ted Wheeler is one of five mayors selected from across the country to contribute in a ground-breaking hearing organized by the <a href=""https://www.democrats.senate.gov/climate"">Senate Democrats&rsquo; Special Committee on the Climate Crisis</a>.</p>
<p>&nbsp;</p>
<p>The hearing was held on Wednesday, July 17 in Washington D.C, and included testimonies from Mayors from Atlanta, Honolulu, Saint Paul, Pittsburgh, and Portland.</p>
<p>&nbsp;</p>
<p>The Mayor shared Portland&rsquo;s continuing strategy and efforts to become more resilient to the impacts of climate change and cut carbon pollution. He, as well as the other mayors, discussed the role the federal government can and should play in helping cities achieve their clean energy goals and fight climate change.</p>
<p>&nbsp;</p>
<p class=""xwordsection1""><strong>&ldquo;This hearing is about what cities across the country are doing to fight climate change,&rdquo; </strong>Committee Chairman and U.S. Senator Brian Schatz (D-Hawaii) said.<strong> &ldquo;By bringing together our country&rsquo;s mayors, we can understand how our cities are taking action against climate change and how the federal government can help.&rdquo;</strong></p>
<p>&nbsp;</p>
<p>The duties of the Special Committee&mdash;which includes Oregon Senator Jeff Merkley (D)&mdash;are to:</p>
<ul>
<li><em>Prioritize oversight and investigation of the efforts of special interests to foster climate denial.</em></li>
<li><em>Convene meetings and conduct outreach with frontline communities impacted by climate change.</em></li>
<li><em>Hold a series of hearings through 2019 and 2020, including expert witnesses and testimonials.</em></li>
</ul>
<p><em>&nbsp;</em></p>
<p>&nbsp;<em></em></p>",https://www.portlandoregon.gov/wheeler/article/737795
The Mayor's Blog,737994,Increasing Safety in the Entertainment District,1,,2019-07-23 23:27:21 UTC,2019-07-23 23:00:00 UTC,A,,"<p>If you have ever visited <a href=""/police/article/515571"">Portland&rsquo;s Entertainment District</a> in the evening, you know first-hand that it has a vibrant, colorful nightlife that draws people from all over. Located in the heart of the city&rsquo;s Old Town area, it&rsquo;s one of the most popular spots to visit. Whether you&rsquo;re chasing entertainment, looking for a great craft cocktail or dancing, you can find it there.</p>
<p>On Friday and Saturday nights, approximately 10,000 people come to the Entertainment District, so we&rsquo;ve made it a priority to ensure the safety of all those in the area. Though crime has been greatly reduced since the City of Portland began focused efforts to put safety measures in place, there have still been crimes in the district that negatively impact public safety. This is why my office, Portland Police and Entertainment District business owners thought it would be important to create the Bar Summit.</p>
<p>For several weeks now, the Bar Summit has come together and increased communication and collaboration among businesses, area residents and the City to see how we can further create a safer nightlife experience. Through this collaboration, the business community has shared concerns and focused on ways to increase safety for the entertainment area.&nbsp;&nbsp;</p>
<p>The group will soon come to the city council to report on progress and the specific steps being taken by community partners. The goal is to foster a safe environment, while the community enjoys the best of Portland's nightlife.</p>",https://www.portlandoregon.gov/wheeler/article/737994
The Mayor's Blog,738151,Anti-Displacement & Displacement Mitigation Work: Righting Past Wrongs and Moving Forward the City of Portlandâ€™s Anti-Displacement Action Plan,1,,2019-07-24 23:59:32 UTC,2019-07-24 23:35:00 UTC,A,,"<p><img class=""content-center"" title=""On November 27, 2018, Mayor Ted Wheeler speaks at the opening of Hazel Heights, an affordable housing community in SE Portland"" src=""/shared/cfm/image.cfm?id=738144"" alt=""On November 27, 2018, Mayor Ted Wheeler speaks at the opening of Hazel Heights, an affordable housing community in SE Portland"" width=""500"" height=""280"" /></p>
<p class=""content-center""><em>On November 27, 2018, Mayor Ted Wheeler speaks at the opening of Hazel Heights, an affordable housing community in SE Portland</em></p>
<p>The City of Portland&rsquo;s racist governing history created disparities that still exist today. In the past, in North and Northeast Portland, African Americans were segregated, and the neighborhoods were redlined or denied access to housing loans. Large public investments such as the construction of the I-5 freeway and Legacy Emanuel Hospital, including demolition of housing and commercial buildings, caused displacement and physically split predominately African American communities. The City of Portland was eliminating the housing stock in neighborhoods that people of color could buy in, while at the same time limiting where people of color could live. This caused mass involuntary displacement and the ultimate decimation of historically black neighborhoods, particularly in North and Northeast Portland.</p>
<p>This displacement is also a result of gentrification. In the Portland Plan, it states, &ldquo;<em>Gentrification often means that the change has resulted in involuntary displacement of residents and businesses. It can occur as the result of rising property values, redevelopment or land clearance. Most often, lower income populations, renters and the businesses that serve them are displaced and/or separated from community and social support systems&rdquo;<strong><sup>(<a href=""/portlandplan/56527"">More information here</a>)</sup></strong>.</em> The harm of gentrification is tangible and measurable. It includes:</p>
<ul type=""disc"">
<li>Loss of access to desirable locations;</li>
<li>Displacement of individuals and businesses to fewer desirable locations;</li>
<li>A loss of wealth when homeowners leave without realizing the increased property values</li>
<li>Loss of the ability for current residents to enjoy the<a href=""file:///C:/Users/avalderrama/Downloads/Adopted_PDXPLAN_Web.pdf ""> benefits of revitalization</a></li>
</ul>
<p><img class=""content-center"" title=""Percent people below poverty by race/ethnicity and age: Portland City, OR, All ages, 200% 2015"" src=""/shared/cfm/image.cfm?id=738145"" alt=""Percent people below poverty by race/ethnicity and age: Portland City, OR, All ages, 200% 2015"" width=""500"" height=""250"" /></p>
<div>
<div id=""ftn2"">
<p>In our city, more than half of people of color living in Portland are economically insecure. With housing prices rising over time, Portlanders are more likely to be priced out of their historical neighborhoods and away from their communities to find more affordable housing.</p>
<p><img class=""content-center"" src=""/shared/cfm/image.cfm?id=738147"" alt=""Housing burden by tensure, race/ethnicity, and gender: Portland City, OR, Owners, 2015"" width=""500"" height=""250"" /></p>
<p>The Mayor proposed funding for an Anti-Displacement Action Plan to be developed, building off the anti-displacement policies in the Comprehensive Plan. As the steward of the Comp Plan, he&rsquo;s asked the Bureau of Planning and Sustainability to lead the planning process. The Mayor is asking for more public accountability through inclusive co-creation of the Plan with communities most impacted by displacement and a set of equity measures to track over time.</p>
<p>&nbsp;</p>
<p>&nbsp;</p>
</div>
</div>",https://www.portlandoregon.gov/wheeler/article/738151
The Mayor's Blog,738351,The Holladay Park Safety Plan: Safety in Community,1,,2019-07-26 20:38:19 UTC,2019-07-26 20:03:00 UTC,A,,"<p>I&rsquo;m happy to share the fact that the Holladay Park Safety Plan has demonstrated meaningful results. The Portland Police Bureau (PPB) has observed a significant decrease in crime in and around <a href=""/parks/finder/index.cfm?action=ViewPark&amp;PropertyID=186&amp;searchtext=holladay"">Holladay Park</a>. Statistics compiled by PPB&rsquo;s Strategic Services Division have shown that calls received regarding Holladay Park have decreased significantly. This indicates that the Holladay Park Safety Plan has achieved its goal, which was to decrease crime around that area.</p>
<p>The data shows that calls for service have seen a 50% decrease in assaults, an 18% decrease in disturbances and a 45% decrease in thefts from May 5 through July 22 of this year compared to the same period in 2018. Community partners have been an instrumental part of this process to achieve these results. You can<a href=""http://www.flashalertnewswire.net/images/news/2019-07/3056/126288/Holladay_Park_Safety_Plan_Midpoint_Stats.png""> view the full results here</a>.</p>
<p>As commissioner of PPB, I strongly believe it is important for community members to feel safe in&nbsp;public spaces so that we can all enjoy the benefits of Portland&rsquo;s parks. PPB has worked tirelessly to reduce incidents in this area, and I am proud of the Police Bureau for achieving its goals to increase community safety and improve relationships with the community. Some of the organizations who were instrumental in the creation of this plan include the Vancouver Avenue First Baptist Church, SOLVE, Portland Parks and Recreation, Multnomah County District Attorney's Office, Rosewood Initiative, Portland OIC, Portland Public Schools, Transit Police Division, Bonneville Power Administration, Federal Protective Services, Portland Police Bureau, Providence Health Care, Connected, Church of Scientology, Portland 5 and Lloyd EcoDistrict.</p>
<p><img class=""content-center"" src=""/shared/cfm/image.cfm?id=738360"" alt="""" width=""600"" height=""537.876802097"" /></p>",https://www.portlandoregon.gov/wheeler/article/738351
The Mayor's Blog,738556,Gearing Up for Tokyo 2020 Olympics,1,,2019-07-30 22:36:43 UTC,2019-07-30 22:25:00 UTC,A,,"<p><img class=""content-left"" style=""vertical-align: top;"" src=""/shared/cfm/image.cfm?id=738553"" alt=""Tokyo 2020 Presentation"" width=""280"" height=""210"" />The Mayor and his wife were recently invited to celebrate KGW&rsquo;s kick off to the one-year countdown to the 2020 Tokyo Summer Olympic Games that will be broadcast on NBC.</p>
<p>More than 130 people attended the social gathering that was held at KGW studios.</p>
<p>18 former Olympic athletes (and some still with hopes of making the team again) with local ties were there, and each was introduced individually.</p>
<p>&nbsp;</p>
<p>&nbsp;</p>
<p>&nbsp;</p>
<p>&nbsp;Th<img class=""content-right"" style=""width: 307px; height: 244px;"" src=""/shared/cfm/image.cfm?id=738558"" alt=""Mayor chats with former Olympians"" width=""280"" height=""209"" />e Mayor had a chance to visit with several of them as well as other members of the community who were invited. Visiting with the Mayor on the left in the lower picture is John McArdle, who qualified in the hammer throw for the 1980 summer games in Moscow. On the right is Jack Elder, who competed in the luge event at the winter Olympics in 1972 in Sapporo, Japan</p>
<p>It was one year to the day when the Olympic games will begin--July 24, 2020.</p>",https://www.portlandoregon.gov/wheeler/article/738556
The Mayor's Blog,738873,"Mayor Visits ""Learn Links"" Summer Program",1,,2019-08-02 16:40:47 UTC,2019-08-01 22:31:00 UTC,A,,"<p>&nbsp;</p>
<p class=""xmsonormal""><img class=""content-left"" src=""/shared/cfm/image.cfm?id=738920"" alt=""Small boy eating ice cream in a striped shirt"" width=""250"" height=""375"" />This last Tuesday, July 30, the courtyard at Lincoln Woods Apartments in SE Portland was transformed into a marketplace full of young entrepreneurs. They were there to use what they learned from a recent trip to Saturday Market, to create their own mini-businesses, selling products including stress balls, homemade &ldquo;slime&rdquo;, ice cream sundaes and smoothies. Mayor Ted Wheeler enjoyed mixing with the crowd and sampling the goods made by&nbsp;students who participate in the Portland Children&rsquo;s Levy-supported &ldquo;Learn Links&rdquo; summer program operated by Human Solutions. Parents, family members and residents were in attendance.&nbsp; Teachers from nearby Mill Park Elementary (DDSD) also gave out books as part of their summer reading program.&nbsp;</p>
<p class=""xmsonormal"">&nbsp;</p>
<p class=""xmsonormal"">&nbsp;</p>
<p class=""xmsonormal"">&nbsp;</p>
<p class=""xmsonormal"">&nbsp;</p>
<p class=""xmsonormal"">&nbsp;&nbsp;</p>
<p class=""xmsonormal"">&nbsp;</p>
<p class=""xmsonormal""><img class=""content-right"" style=""width: 356px; height: 223px;"" src=""/shared/cfm/image.cfm?id=738870"" alt=""Picture of books being sold at the marketplace"" width=""305"" height=""203"" /></p>
<p class=""xmsonormal"">&nbsp;</p>
<p class=""xmsonormal"">&nbsp;</p>
<p class=""xmsonormal"">The Portland Children&rsquo;s Levy partners with Human Solutions for an after-school/summer program called LearnLinks. The program provides academic support and enrichment activities to children in grades K-8 living in HS properties.</p>
<p>&nbsp;</p>",https://www.portlandoregon.gov/wheeler/article/738873
The Mayor's Blog,742715,Portland City Council votes unanimously to appoint first five members of the Portland Clean Energy Community Benefits Fund Committee,1,,2019-09-26 18:57:43 UTC,2019-09-26 16:34:00 UTC,A,,"<p>&nbsp;<img class=""content-center"" style=""float: left;"" src=""/shared/cfm/image.cfm?id=742714"" alt="""" width=""500"" height=""240"" /></p>
<p>&nbsp;</p>
<p>&nbsp;</p>
<p>&nbsp;</p>
<p>&nbsp;</p>
<p>&nbsp;</p>
<p>&nbsp;</p>
<p>&nbsp;</p>
<p>&nbsp;</p>
<p>&nbsp;</p>
<p>&nbsp;</p>
<p>&nbsp;</p>
<p>&nbsp;</p>
<p>&nbsp;</p>
<p>&nbsp;</p>
<p>Portland City Council made history today by appointing the first five members of the Portland Clean Energy Community Benefits Fund Committee. These inaugural members will nominate the remaining four members of the nine-member committee, which is charged with reviewing proposals and selecting grant recipients for clean energy projects that will benefit communities of color and low-income households. Each of the five Commissioners selected one nominee. The five nominees include Maria Gabrielle Sipin, Dr. Megan Horst, David Edden Hill, Shanice Brittany Clarke, and Robin Wang.</p>
<p>&ldquo;The Portland Clean Energy Fund is a nationally acclaimed model for climate action and I am excited to have such a dynamic and talented slate of appointments on the PCEF committee to help ensure we get it right,"" Mayor Ted Wheeler said,""This is an important milestone toward ensuring that all Portlanders, especially working families, have access to a green future with clean energy jobs.&rdquo;</p>
<p>&ldquo;We have such a committed and talented group of people joining the PCEF committee,&rdquo; said Commissioner Jo Ann Hardesty. &ldquo;I&rsquo;m excited to see what comes next as we continue building a program that is the first of its kind in the nation, thanks to the community&rsquo;s efforts.&rdquo;</p>
<p>""We are thrilled to welcome these initial five Portlanders who have the expertise to lead the program to a successful launch. As the measure states, these individuals have a great depth and breadth of skills, are committed to the goals of the city's Climate Action Plan, and represent our racial and geographic diversity. We are so excited to support them as they get started on setting up the PCEF grant program and filling the final four spots on the committee,"" said Khanh Pham, the Organizing Director at OPAL Environmental Justice Oregon and a leader in the PCEF community coalition.</p>
<p>For more information about the nominees and the nomination event in council, please visit: <a href=""/bps/article/742539"">https://www.portlandoregon.gov/bps/article/742539</a></p>",https://www.portlandoregon.gov/wheeler/article/742715
The Mayor's Blog,743232,September in Review,1,,2019-10-01 23:49:44 UTC,2019-10-01 16:51:00 UTC,A,,"<h2><strong>Powerful Conversations, Meaningful Outcomes</strong></h2>
<p>September has been an exceptionally busy month for me and my team. We have been diligently working on how we can better our City by addressing some of the most pressing issues and finding meaningful solutions that will have a lasting impact.&nbsp;Earlier this month, my Deputy Chief of Staff, Jamal Fox had the opportunity to sit on a panel and talk candidly about his experiences navigating the workplace as a black man.&nbsp;</p>
<p>He was joined by Chief of Police Danielle Outlaw, Fire Chief Sara Boone, and former Human Resource Director Serilda Summers-McGee, each being the first black female Chief of Police, Fire Chief, and Human Resource Director respectively for the City.</p>
<p>The questions asked of them were powerful, and their answers even more so. This panel addressed issues that were uncomfortable but crucial to understanding their work and acknowledging the perseverance it has taken each of these individuals to obtain the level of success&nbsp;that they have in their respective careers, along with the high level of professionalism they exude.&nbsp;</p>
<p><img class=""content-right"" style=""font-weight: 400; font-style: normal; font-size: 13.2px;"" src=""/shared/cfm/image.cfm?id=743204"" alt="""" width=""500"" height=""219.333333333"" /></p>
<p>One of my many priorities is creating a more diverse workplace where individuals feel welcomed, supported and included regardless of how they identify, or how they are identified as by the dominant culture.&nbsp;Having Jamal, Danielle, Sara, and Serilda in senior leadership roles in the City gives me hope.&nbsp;</p>
<h2><strong></strong><strong>Exciting, Unique, New and Effective Solutions</strong></h2>
<p>Another top priority that touches many of our lives, is how we think of humanity and our fellow humans. Homelessness is a societal crisis and I'm deeply committed to ensuring individuals experiencing homelessness are treated compassionately and respectfully. That is why my team and I are collaborating with my colleagues and community partners across all agencies to develop the Portland Street Response (PSR) program.&nbsp;</p>
<p class=""content-left"">The program is important for two primary reasons. First, it addresses the over-criminalization of houseless/homeless individuals and pairs their needs with the proper response and services. Secondly, the First Responder system is overwhelmed with calls that are not related to criminal activity. This new program will help relieve First Responder resources so they can address more serious call types.&nbsp;</p>
<p>PSR is unique because we reached out to the homeless to ask what they need in a First Responder, rather than determining the answer for them. After surveying the homeless and analyzing the response, the answers were not surprising. They expressed a need for first responders who are mental health professionals, social workers, nurses, EMTs, peer support, and conflict resolution specialists.&nbsp;</p>
<p class=""content-left"">I recognize the PSR&nbsp;is not a catch-all solution, however, it is a piece of the larger puzzle towards solving the seemingly intractable homelessness problem, and hence, a step in the right direction. The PSR program paired with other services has the potential to produce meaningful and measurable results while providing focused help to people through a compassionate and humane approach.</p>
<p class=""content-right""><img class=""content-left"" style=""float: left;"" src=""/shared/cfm/image.cfm?id=743230"" alt="""" width=""301"" height=""225.75"" /></p>
<p class=""content-left"">Pairing services with others will make programs more effective which is crucial for addressing homelessness. This is about our values, that every person deserves a safe place to sleep and to call their own. As the Mayor of a city with unprecedented economic growth in our region, I am acutely aware that this growth also brings additional economic pressure on those who aren&rsquo;t experiencing the benefits of that growth.</p>
<h2><strong>Innovative Approach to the Shelter Service Model</strong></h2>
<p>The Laurelwood Center&rsquo;s opening in the Foster-Powell neighborhood represented a distinct change in the way shelters across Portland work.&nbsp; At this shelter, there are 120 beds, and people can bring their pets, their partners, their possessions, and they don&rsquo;t have to line up night after night with the hopes of maybe getting into shelter.&nbsp;<img class=""content-right"" src=""/shared/cfm/image.cfm?id=743220"" alt="""" width=""400"" height=""300"" /></p>
<p>possible through the work of the City of Portland, Multnomah County, and Transition Projects. The primary goal is combining the shelter component with the service component. The one-on-one services that are provided at Laurelwood help to ensure that people are provided with whatever they need to get into permanent housing.&nbsp;</p>
<p><span style=""font-size: 1.1em;"">With the rise in houseless individuals on the rise since 2017, my office has been working tirelessly to help open more shelters with a service component, especially with winter fast-approaching. We are intentionally designing dignified spaces for people to get connected to services and get back into housing.</span></p>
<p><a href=""https://www.oregonlive.com/news/2019/08/southeast-portland-homeless-shelter-opens-this-week-to-women-and-couples.html"">https://www.oregonlive.com/news/2019/08/southeast-portland-homeless-shelter-opens-this-week-to-women-and-couples.html</a></p>
<p><a href=""https://pamplinmedia.com/sb/74-news/436658-347322-county-opens-new-foster-road-laurelwood-shelter-pwoff"">https://pamplinmedia.com/sb/74-news/436658-347322-county-opens-new-foster-road-laurelwood-shelter-pwoff</a></p>
<p><a href=""https://eastpdxnews.com/general-news-features/county-opens-new-foster-road-laurelwood-shelter/"">https://eastpdxnews.com/general-news-features/county-opens-new-foster-road-laurelwood-shelter/</a></p>
<p><strong style=""; font-size: 1.3em;"">Bridging the Gap in Housing Funding</strong></p>
<p><strong></strong>Despite all we&rsquo;ve already accomplished, we&rsquo;re just getting started. Last month, I was excited to announce the city&rsquo;s nine new projects that have been selected for funding from Portland&rsquo;s Housing Bond. We now have enough Bond-funded housing units completed or in progress across the city to me&mdash;and in some cases even exceed&mdash;all the goals set forth under Portland&rsquo;s Housing Bond, and there are still funds left over to do even more good work. We now have all the units either completed or in progress to hit our Bond goals &ndash; or surpass them, creating housing for more than 2,900 people with 658 units for families with two bedrooms or more.&nbsp;</p>
<p class=""content-left""><img class=""content-left"" style=""float: left;"" src=""/shared/cfm/image.cfm?id=743231"" alt=""Housing Bond"" width=""300"" height=""399.75"" />These investments have been specifically targeting our communities of color, to mitigate displacement, and to invest in our East Portland neighborhoods. For these accomplishments&mdash;a testimony to the compassion and caring of the good people of the City of Portland, the voters who made it all possible&mdash;I say <span style=""text-decoration: underline;"">thank you</span>!</p>
<p class=""content-left"">Once again, this action we&rsquo;re taking reflects the values we as a city embrace every day. Every one of us, our families, our friends, our teachers, our students &ndash; all deserve healthy, safe and affordable places to live. You have my promise that we will continue finding and implementing solutions to homelessness. We&rsquo;re in this together and it will take a community effort to achieve our goals.</p>
<p class=""content-left"">&nbsp;</p>",https://www.portlandoregon.gov/wheeler/article/743232
The Mayor's Blog,746287,October in Review,1,,2019-11-04 20:54:19 UTC,2019-11-01 22:12:00 UTC,A,,"<h2 class=""content-center""><strong>Celebrating the Spirit of Portland</strong></h2>
<p class=""content-justify"">The 35<sup>th</sup> Annual Spirit of Portland Awards ceremony was one of the highlights of the month. The Spirit of Portland embodies the many values we share and all that we are about in this great city that we love. Portland is a city where all help each other and work together to ensure that this amazing place we live in remains the awe-inspiring home we&rsquo;re proud of.</p>
<p class=""content-justify"">I had the honor of choosing one of the award recipients so naturally, I wanted to select someone who I know has gone above and beyond for our community. Someone whose life work has touched so many in ways that transcend tangibility, someone who genuinely cares for every person no matter how big or small their problem might be &ndash; and someone who has just the right answer for whatever question comes their way. That's why I nominated Donald Dixon &ndash; he embodies all that is positive and uplifting about our community.</p>
<p><span style=""line-height: 107%; font-family: 'Calibri',sans-serif; font-size: 11pt; mso-ascii-theme-; mso-hansi-theme-; mso-fareast-; mso-bidi-; mso-fareast-theme-; mso-bidi-theme-; mso-ansi-language: EN-US; mso-fareast-language: EN-US; mso-bidi-language: AR-SA;""><br /><img class=""content-center"" src=""/shared/cfm/image.cfm?id=746279"" alt="""" width=""250"" height=""333"" /></span></p>
<p class=""content-center""><em>(Photo shows Donald Dixon and Mayor Wheeler)</em></p>
<p class=""content-left"">&nbsp;</p>
<p class=""content-left"">&nbsp;</p>
<p class=""content-left"">As a guidance Counselor at both Madison and Jefferson High Schools for forty-plus years, he has touched the lives of many while doing his remarkable work. His tireless service over the years has had a tremendously positive impact on our students and youth. He has spend a lifetime dedicated to empowering and encouraging our youth. He has been &mdash; and continues to be &mdash; a role model, a caregiver, a mentor, a guidance counselor and a friend to so many. He has enriched countless lives during his four decades of service.</p>
<p>Donald exemplifies what the Spirit of Portland is all about, and he continuously carries himself with enthusiasm for helping others while continuing to be an influential member of the community. That enthusiasm, selflessness, and generosity will be his legacy. His compassion, patience and understanding ways are an example for all of us to follow, and his commitment to being a role model for students will continue to benefit our community for years to come. For all those reasons, and for so many more that have been left unsaid, I would like to say Thank you, Donald Dixon, from myself and the entire community.</p>
<p>&nbsp;</p>
<h2 class=""content-center""><strong>Addressing the Climate Crisis on a Global Scale</strong></h2>
<p>The beginning of October offered me the opportunity to take action in our continuing battle against climate change, when I attended the C40 World Mayors Summit in Copenhagen, Denmark. I was joined the general manager of Portland's Transit Agency, TriMet, and the CEO from PGE.&nbsp; The C40 Summit brings together Mayors from over 75 large cities across the globe. It also convenes climate activists and environmental justice advocates, scientists, nonprofits, funder and business leaders to deliver the transformative action needed to address the climate crisis.</p>
<p><span style=""line-height: 107%; font-family: 'Calibri',sans-serif; font-size: 11pt; mso-ascii-theme-; mso-hansi-theme-; mso-fareast-; mso-bidi-; mso-fareast-theme-; mso-bidi-theme-; mso-ansi-language: EN-US; mso-fareast-language: EN-US; mso-bidi-language: AR-SA;""><br /><img class=""content-center"" src=""/shared/cfm/image.cfm?id=746280"" alt="""" width=""250"" height=""333"" /></span></p>
<p>&nbsp;</p>
<p class=""content-center""><em>(Photo shows L-R Trimet GM Doug Kelsey, Mayor Wheeler, and PGE President &amp; CEO Maria Pope)</em></p>
<p class=""content-center"">&nbsp;</p>
<p class=""content-left"">&nbsp;</p>
<p class=""content-left"">We are at the forefront of that climate crisis, and I recognize the global climate emergency. I am committed to pursuing inclusive climate action that puts frontline communities first and delivers social and economic progress to all. I had the opportunity to sit on two panel discussions about how the City of Portland is tackling the impact of consumption and how economic inequality is linked to the climate crisis.</p>
<p>I also spoke about the Portland Clean Energy Fund as an example of a community-led vision for a ""Green New Deal"", and a new way to approach climate action that ensures strategies to reduce carbon and deliver community benefits and address economic inequality.</p>
<p>During this trip, I signed onto the C40's <a href=""https://www.c40.org/press_releases/35-cities-unite-to-clean-the-air-their-citizens-breathe-protecting-the-health-of-millions"">New Clean Air Cities Declaration</a>, committing to set ambitious targets for air pollution reduction. I am also committed to implementing substantive policies and programs to address the top causes of air pollution emissions in Portland before 2025.</p>
<p>Through the Summit sessions, the Portland team learned about actions other cities are taking to transition to renewable energy, ways to green their streets and make public transit more affordable and attractive, tackle air pollution, create zero-emission zones and close streets to cars, use green bonding tools to finance renewable energy and energy efficiency, move towards more sustainable food choices and increase resilience, among many other topics.</p>
<p>Wrapping up my trip, I met with several other city leaders to share ideas and experiences of implementing climate policies to reduce emissions in energy, buildings, and transportation, including the mayors of Philadelphia, Toronto, Honolulu and Oslo.</p>
<p class=""content-center"">&nbsp;</p>
<h2 class=""content-center""><strong>Innovative Initiatives from Across the Pond</strong></h2>
<p><strong><img class=""content-center"" src=""/shared/cfm/image.cfm?id=746281"" alt="""" width=""250"" height=""250"" /></strong></p>
<p class=""content-center""><em>(Photo taken by Cupid Alexander, showing a street in Glasgow, Scotland, paved with cobblestone roads and mostly older brick houses)</em></p>
<p class=""content-justify"">&nbsp;</p>
<p class=""content-justify"">&nbsp;</p>
<p class=""content-justify"">Cupid Alexander, the Director of Strategic Initiatives with my office, recently visited the United Kingdom to learn best practices on environmental sustainability, jobs of the future, equity in society and good governance. While there, Cupid solidified relationships with other Mayors, governments, non-profits and businesses. With these stronger relationships, our office has enhanced opportunity to coordinate to improve transportation infrastructure, and increase environmental sustainability by reducing carbon emissions. These partnerships will spark conversations about the best way to live, work, travel and enjoy Portland. Identifying opportunities that exist within the Portland Metropolitan Area to partner with businesses will help our city expand its green infrastructure, create more sustainable jobs and reduce carbon emissions.</p>
<p>&nbsp;</p>
<h2 class=""content-center""><strong>Mayor Visits Sister City of Sapporo, Japan</strong></h2>
<p><strong><img class=""content-center"" src=""/shared/cfm/image.cfm?id=746283"" alt="""" width=""250"" height=""196"" /></strong></p>
<p class=""content-center""><em>(Mayor Wheeler is shown next to Mayor Akimoto of Sapporo, Japan)</em></p>
<p class=""content-justify"">&nbsp;</p>
<p class=""content-justify"">&nbsp;</p>
<p class=""content-justify"">Towards the end of October, I had the opportunity to fly to Sapporo, Japan, our sister city. Our Sister Cities program began shortly after World War II to build diplomatic, cultural and economic networks between our cities and respective nations. This year, Portland and Sapporo are celebrating 60 years of sister city partnership. That&rsquo;s 60 years of sharing economic prosperity, knowledge, earthquake resilience strategies and the forging of deep bonds. The rich history and traditions shared between Portland and Sapporo are the backbone of a successful international trade initiative.</p>
<p class=""content-justify"">Following my trip to Sapporo, I visited Tokyo and the Kansai region to strengthen economic partnerships that Prosper Portland, the City&rsquo;s economic development agency, has identified as strategic markets for developing trade opportunities. Japan is Oregon&rsquo;s 5th-largest export market with $1.8 billion U.S. dollars of goods and services from Oregon sold there in 2017.&nbsp;&nbsp; During this trip, our Portland delegation will be learned about:</p>
<ul>
<li class=""content-justify"">Advancing Sustainability and Innovation</li>
<li class=""content-justify"">Emergency management and safety around Seismic Resiliency</li>
<li class=""content-justify"">Promoting Equity, Inclusion &amp; Diversity&nbsp;&nbsp;</li>
<li class=""content-justify"">Developing new economic partnerships&nbsp;</li>
</ul>
<p>&nbsp;</p>
<h2 class=""content-center""><strong>Hope for the Holidays: Winter Weather Preparedness</strong></h2>
<p class=""content-justify"">As Portland inches closer to winter, those living outside are the most vulnerable. That&rsquo;s why the City of Portland is partnering with Multnomah County to encourage our community to donate and volunteer to help those living outside prepare for cold weather. For more information, please follow this link: <a href=""https://www.211info.org/donations"">https://www.211info.org/donations</a></p>
<p>&nbsp;</p>
<h2 class=""content-center""><strong>Impact Reduction in Action</strong></h2>
<p><strong><img class=""content-center"" style=""width: 281px; height: 259px;"" src=""/shared/cfm/image.cfm?id=746285"" alt="""" width=""250"" height=""187"" /><img class=""content-center"" src=""/shared/cfm/image.cfm?id=746286"" alt="""" width=""194"" height=""259"" /></strong></p>
<p class=""content-center""><em>(Left photo shows an encampment that has several piles of trash and a few vehicles before the team came through for clean-up, the right photo shows the encampment cleared and majority of trash cleaned up)</em></p>
<p class=""content-justify"">&nbsp;</p>
<p class=""content-justify"">&nbsp;</p>
<p class=""content-justify"">I want to share strides that are being made by our City&rsquo;s Homelessness and Urban Camping Impact Reduction Program (HUCIRP),&nbsp;the agency responsible for coordinating cleanup/abatement of unsanctioned campsites on city and ODOT owned properties/rights-of-way within the City of Portland. HUCIRP manages the city&rsquo;s <em>One Point of Contact</em> campsite reporting system. The agency develops and implements impact/harm reduction strategies in addition to coordinating services with other agencies and jurisdictions in the region.</p>
<p class=""content-center""><span style=""text-decoration: underline;"">Pounds of garbage removed </span></p>
<p class=""content-center"">July&mdash; 398,660 lbs.</p>
<p class=""content-center"">August&mdash; 474,380 lbs.</p>
<p class=""content-center"">September&mdash; 507,000 lbs.</p>
<p class=""content-center""><em>Total for July through September</em>&mdash;<strong>1,380,040 lbs.</strong></p>
<p class=""content-center""><span style=""text-decoration: underline;"">Total camp cleanups (July through September)</span><span style=""text-decoration: underline;"">&mdash;</span><strong>1,017</strong></p>
<p class=""content-center"">To learn more about HUCIRP, please visit <a href=""/toolkit"">www.portlandoregon.gov/toolkit</a>.</p>
<p>&nbsp;</p>",https://www.portlandoregon.gov/wheeler/article/746287
The Mayor's Blog,747887,November In Review,1,,2019-11-25 23:22:16 UTC,2019-11-25 23:02:00 UTC,A,,"<h2 class=""content-center""><strong>Mayor Hosts Forum on Community Safety and Livability in SE Portland Neighborhood</strong></h2>
<p>On November 5th, members of my staff and I led a panel of law enforcement experts and officials to address community safety and livability in the Lents Neighborhood. Representatives from Portland Police Bureau's Gun Violence Reduction Team (GVRT) and Detective Division, along with representatives from the City's One Point of Contact Program and the Police Bureau's East Precinct, were all in attendance. Over the summer, Lents experienced an increase in shootings and homicides. Lents is also impacted by homelessness as well. The goal of the town hall was to provide an update on progress made on crime in the Lent's neighborhood and talk about livability.</p>
<p>I heard members of the community express their frustration over the state of livability and safety in Lents. East Portland is today the heart and soul of the City of Portland. My goal as Mayor is to make the lives of all Portlanders better, and that includes explicitly those of you who live and work here. I am a strong advocate for the Portland Street Response program, for which my office set aside 500,000 dollars to invest in the pilot program. I know many of you want a robust public safety system in terms of jails and District Attorneys. Multnomah County funds some elements of public safety. We need to collaborate more effectively and lobby the county for much needed public safety dollars. As a city, we will work directly with you to address the crime, safety, and livability in Lents today and into the future.</p>
<p><strong>&nbsp;</strong></p>
<h2 class=""content-center""><strong>City of Portland Tribal Summit</strong></h2>
<p><strong><img class=""content-center"" style=""vertical-align: middle;"" src=""/shared/cfm/image.cfm?id=747888"" alt="""" width=""370"" height=""190.304424779"" /></strong></p>
<p>On November 5th and 6th, the City of Portland hosted the 2nd annual Tribal Nation Summit. The Tribal Nation Summit continues the commitment to develop partnerships and deepening relationships with tribal nations in the region. The summit is an opportunity to listen and learn from one another as we move forward with a commitment to strengthen collaborations and enhance diplomacy.</p>
<p>In conjunction with the summit, over 200 City employees participated in a day-long Tribal Relations Training, hosted by the Portland State University's Institute for Tribal Government. The training provided foundational knowledge to better understand tribal governance and sovereignty, and to bring to light the impact of the City's work on supporting tribal people.</p>
<p>The Office of Government Relations coordinated a day of focused discussions with tribal elected leaders. The goal of these discussions was to bring City senior leadership to the table and create space for opportunities for collaboration. Topics included housing, public safety, natural &amp; cultural resource protection, climate action collaboration, inadvertent discovery planning, first foods, and economic development.</p>
<p>&nbsp;</p>
<h2 class=""content-center""><strong>Introducing Our LGBTQ+ Intern: Matthew Palmer</strong></h2>
<p class=""content-center""><strong><img src=""/shared/cfm/image.cfm?id=747885"" alt="""" width=""250"" height=""337.048334115"" /></strong></p>
<p>I want to highlight the work that our LGBTQIA+ Community Outreach Coordinator Intern, Matthew Palmer, is doing in our office. Matthew was hired in August, joining our team straight after leaving his Legislative Assistant position in the Oregon Legislature at the end of its session. Though only being here for a few short months, he has done a great job of establishing himself as a valuable resource for local LGBTQIA+ organizations and individuals.</p>
<p>His primary objective with this new position has been to be an effective mouthpiece for the community members that rely on him. Up until Matthew joined this team, there had not been a singular person in City Hall solely devoted to analyzing policy through an LGBTQIA+ lens. Matthew hopes that through him, local organizations and individuals can feel as though their voices are heard in the halls of power that had historically treated them as less-than. He knows how crucial it is that LGBTQIA+ have a seat at the table. It is Matthew's mission to make sure that their voices are amplified and empowered.</p>
<p>He started his first days in my office by updating the outdated LGBTQ+ Resources page on the city website to better and more accurately reflect the current resources available to the community. He has become a sitting member on the Alliance for Safer Communities group, an integral part of the Transgender Day of Visibility planning committee, and a leader of the LGBTQ+ &amp; Friends Affinity Group. He is focused on various policy initiatives aimed at empowering transgender and gender-nonconforming individuals, a system for better tracking and recording the City's hiring and retention rates of LGBTQIA+ employees, and at developing more opportunities for LGBTQIA+ voices to be heard in different areas of local government. Matthew is a valued addition to our office, and I am thankful to have him.</p>
<p>&nbsp;</p>
<h2 class=""content-center""><strong>Celebrating a Historic Moment - Louisa Flowers Grand Opening </strong></h2>
<p>There is a lot to be thankful for and celebrate, and this month we are celebrating the grand opening of Louisa Flowers. This new apartment community will provide 240 affordable housing units. This is a direct result of our belief as a city that everyone deserves to have a safe, secure affordable place that they can call home.</p>
<p>A housing crisis like we've experienced in Portland demands historical action, and that's what this project represents. The opening of Louisa Flowers is the largest affordable housing project to open in Portland in the last 50 years, and I am proud to be a part of this historic event.</p>
<p>All 240 units are affordable, and 20 will serve our lowest-income neighbors (households at or below 30% Median Family Income). To be able to provide all affordable units in a building of this scale is an impressive feat, and it's a true testament to Home Forward's deep commitment to the people of Portland, and to provide stable, affordable homes for our community.</p>
<p>This means that hundreds of Portlanders will soon be walking out of their front doors into a neighborhood that is rich with opportunity, commercial potential, and transit to take them to their jobs, their schools, appointments, or everyday errands. For some, the Louisa Flowers is where they will get their start, close to living-wage employment, and paying rent they can afford while they work and save toward their goals.</p>
<p>For others, this development will provide a safe, stable foundation for a new beginning.</p>
<p>Because all of us here know and understand that housing is about more than the physical building; it's about realizing a vision for the people who will live there. It's about recognizing the dreams, health, and prosperity they can achieve with a stable home in a thriving neighborhood, and the right support.</p>
<p>This project is yet another example of the strong partnership between the Portland Housing Bureau, Home Forward, and Multnomah County. It represents local government coming together in a crisis to respond with the will and resources to make a difference for the community. And it's a milestone in our ongoing collective effort to make this a more affordable and equitable city.</p>
<p>&nbsp;</p>
<h2 class=""content-center""><strong>In the Community Council Sessions </strong></h2>
<p><strong><img class=""content-center"" src=""/shared/cfm/image.cfm?id=747886"" alt="""" width=""300"" height=""180"" /></strong></p>
<p>A priority of mine is to meet people where they are, in their communities, and in spaces where they can feel comfortable. That is why my team and I have prioritized holding occasional evening council sessions out in the community. For me, it is beneficial to hear the voices of community members that generally could not make the trip to City Hall during regular business hours.&nbsp; This last month, we held two separate sessions, one at Portland Community College and the other at Self Enhancement, Inc. If you missed the previous sessions, please watch for notices announcing when and where the next Community Council Sessions will be held.</p>",https://www.portlandoregon.gov/wheeler/article/747887